LnID,DID,BLID,FLID,BNID,FNID,JCT,BLID2,BLID3,BLID4,FLID2,FLID3,FLID4,CrossID,Span,LCnt,Lno,LaneType,LimitVel,RefVel,RoadSecID,LaneChgFG
100,100,0,101,100,101,0,0,0,0,0,0,0,0,1.0,1,1,0,20,20,0,0,0
101,101,100,102,101,102,0,0,0,0,0,0,0,0,1.0,1,1,0,20,20,0,0,0
102,102,101,103,102,103,0,0,0,0,0,0,0,0,1.0,1,1,0,20,20,0,0,0
103,103,102,104,103,104,0,0,0,0,0,0,0,0,1.0,1,1,0,20,20,0,0,0
104,104,103,105,104,105,0,0,0,0,0,0,0,0,1.0,1,1,0,20,20,0,0,0
105,105,104,106,105,106,0,0,0,0,0,0,0,0,1.0,1,1,0,20,20,0,0,0
106,106,105,107,106,107,0,0,0,0,0,0,0,0,1.0,1,1,0,20,20,0,0,0
107,107,106,108,107,108,0,0,0,0,0,0,0,0,1.0,1,1,0,20,20,0,0,0
108,108,107,109,108,109,0,0,0,0,0,0,0,0,1.0,1,1,0,20,20,0,0,0
109,109,108,110,109,110,0,0,0,0,0,0,0,0,1.0,1,1,0,20,20,0,0,0
110,110,109,111,110,111,0,0,0,0,0,0,0,0,1.0,1,1,0,20,20,0,0,0
111,111,110,112,111,112,0,0,0,0,0,0,0,0,1.0,1,1,0,20,20,0,0,0
112,112,111,113,112,113,0,0,0,0,0,0,0,0,1.0,1,1,0,20,20,0,0,0
113,113,112,114,113,114,0,0,0,0,0,0,0,0,1.0,1,1,0,20,20,0,0,0
114,114,113,115,114,115,0,0,0,0,0,0,0,0,1.0,1,1,0,20,20,0,0,0
115,115,114,116,115,116,0,0,0,0,0,0,0,0,1.0,1,1,0,20,20,0,0,0
116,116,115,117,116,117,0,0,0,0,0,0,0,0,1.0,1,1,0,20,20,0,0,0
117,117,116,118,117,118,0,0,0,0,0,0,0,0,1.0,1,1,0,20,20,0,0,0
118,118,117,119,118,119,0,0,0,0,0,0,0,0,1.0,1,1,0,20,20,0,0,0
119,119,118,120,119,120,0,0,0,0,0,0,0,0,1.0,1,1,0,20,20,0,0,0
120,120,119,121,120,121,0,0,0,0,0,0,0,0,1.0,1,1,0,20,20,0,0,0
121,121,120,122,121,122,0,0,0,0,0,0,0,0,1.0,1,1,0,20,20,0,0,0
122,122,121,123,122,123,0,0,0,0,0,0,0,0,1.0,1,1,0,20,20,0,0,0
123,123,122,124,123,124,0,0,0,0,0,0,0,0,1.0,1,1,0,20,20,0,0,0
124,124,123,125,124,125,0,0,0,0,0,0,0,0,1.0,1,1,0,20,20,0,0,0
125,125,124,126,125,126,0,0,0,0,0,0,0,0,1.0,1,1,0,20,20,0,0,0
126,126,125,127,126,127,0,0,0,0,0,0,0,0,1.0,1,1,0,20,20,0,0,0
127,127,126,128,127,128,0,0,0,0,0,0,0,0,1.0,1,1,0,20,20,0,0,0
128,128,127,129,128,129,0,0,0,0,0,0,0,0,1.0,1,1,0,20,20,0,0,0
129,129,128,130,129,130,0,0,0,0,0,0,0,0,1.0,1,1,0,20,20,0,0,0
130,130,129,131,130,131,0,0,0,0,0,0,0,0,1.0,1,1,0,20,20,0,0,0
131,131,130,132,131,132,0,0,0,0,0,0,0,0,1.0,1,1,0,20,20,0,0,0
132,132,131,133,132,133,0,0,0,0,0,0,0,0,1.0,1,1,0,20,20,0,0,0
133,133,132,134,133,134,0,0,0,0,0,0,0,0,1.0,1,1,0,20,20,0,0,0
134,134,133,135,134,135,0,0,0,0,0,0,0,0,1.0,1,1,0,20,20,0,0,0
135,135,134,136,135,136,0,0,0,0,0,0,0,0,1.0,1,1,0,20,20,0,0,0
136,136,135,137,136,137,0,0,0,0,0,0,0,0,1.0,1,1,0,20,20,0,0,0
137,137,136,138,137,138,0,0,0,0,0,0,0,0,1.0,1,1,0,20,20,0,0,0
138,138,137,139,138,139,0,0,0,0,0,0,0,0,1.0,1,1,0,20,20,0,0,0
139,139,138,140,139,140,0,0,0,0,0,0,0,0,1.0,1,1,0,20,20,0,0,0
140,140,139,141,140,141,0,0,0,0,0,0,0,0,1.0,1,1,0,20,20,0,0,0
141,141,140,142,141,142,0,0,0,0,0,0,0,0,1.0,1,1,0,20,20,0,0,0
142,142,141,143,142,143,0,0,0,0,0,0,0,0,1.0,1,1,0,20,20,0,0,0
143,143,142,144,143,144,0,0,0,0,0,0,0,0,1.0,1,1,0,20,20,0,0,0
144,144,143,145,144,145,0,0,0,0,0,0,0,0,1.0,1,1,0,20,20,0,0,0
145,145,144,146,145,146,0,0,0,0,0,0,0,0,1.0,1,1,0,20,20,0,0,0
146,146,145,147,146,147,0,0,0,0,0,0,0,0,1.0,1,1,0,20,20,0,0,0
147,147,146,148,147,148,0,0,0,0,0,0,0,0,1.0,1,1,0,20,20,0,0,0
148,148,147,149,148,149,0,0,0,0,0,0,0,0,1.0,1,1,0,20,20,0,0,0
149,149,148,150,149,150,0,0,0,0,0,0,0,0,1.0,1,1,0,20,20,0,0,0
150,150,149,151,150,151,0,0,0,0,0,0,0,0,1.0,1,1,0,20,20,0,0,0
151,151,150,152,151,152,0,0,0,0,0,0,0,0,1.0,1,1,0,20,20,0,0,0
152,152,151,153,152,153,0,0,0,0,0,0,0,0,1.0,1,1,0,20,20,0,0,0
153,153,152,154,153,154,0,0,0,0,0,0,0,0,1.0,1,1,0,20,20,0,0,0
154,154,153,155,154,155,0,0,0,0,0,0,0,0,1.0,1,1,0,20,20,0,0,0
155,155,154,156,155,156,0,0,0,0,0,0,0,0,1.0,1,1,0,20,20,0,0,0
156,156,155,157,156,157,0,0,0,0,0,0,0,0,1.0,1,1,0,20,20,0,0,0
157,157,156,158,157,158,0,0,0,0,0,0,0,0,1.0,1,1,0,20,20,0,0,0
158,158,157,159,158,159,0,0,0,0,0,0,0,0,1.0,1,1,0,20,20,0,0,0
159,159,158,160,159,160,0,0,0,0,0,0,0,0,1.0,1,1,0,20,20,0,0,0
160,160,159,161,160,161,0,0,0,0,0,0,0,0,1.0,1,1,0,20,20,0,0,0
161,161,160,162,161,162,0,0,0,0,0,0,0,0,1.0,1,1,0,20,20,0,0,0
162,162,161,163,162,163,0,0,0,0,0,0,0,0,1.0,1,1,0,20,20,0,0,0
163,163,162,164,163,164,0,0,0,0,0,0,0,0,1.0,1,1,0,20,20,0,0,0
164,164,163,165,164,165,0,0,0,0,0,0,0,0,1.0,1,1,0,20,20,0,0,0
165,165,164,166,165,166,0,0,0,0,0,0,0,0,1.0,1,1,0,20,20,0,0,0
166,166,165,167,166,167,0,0,0,0,0,0,0,0,1.0,1,1,0,20,20,0,0,0
167,167,166,168,167,168,0,0,0,0,0,0,0,0,1.0,1,1,0,20,20,0,0,0
168,168,167,169,168,169,0,0,0,0,0,0,0,0,1.0,1,1,0,20,20,0,0,0
169,169,168,170,169,170,0,0,0,0,0,0,0,0,1.0,1,1,0,20,20,0,0,0
170,170,169,171,170,171,0,0,0,0,0,0,0,0,1.0,1,1,0,20,20,0,0,0
171,171,170,172,171,172,0,0,0,0,0,0,0,0,1.0,1,1,0,20,20,0,0,0
172,172,171,173,172,173,0,0,0,0,0,0,0,0,1.0,1,1,0,20,20,0,0,0
173,173,172,174,173,174,0,0,0,0,0,0,0,0,1.0,1,1,0,20,20,0,0,0
174,174,173,175,174,175,0,0,0,0,0,0,0,0,1.0,1,1,0,20,20,0,0,0
175,175,174,176,175,176,0,0,0,0,0,0,0,0,1.0,1,1,0,20,20,0,0,0
176,176,175,177,176,177,0,0,0,0,0,0,0,0,1.0,1,1,0,20,20,0,0,0
177,177,176,178,177,178,0,0,0,0,0,0,0,0,1.0,1,1,0,20,20,0,0,0
178,178,177,179,178,179,0,0,0,0,0,0,0,0,1.0,1,1,0,20,20,0,0,0
179,179,178,180,179,180,0,0,0,0,0,0,0,0,1.0,1,1,0,20,20,0,0,0
180,180,179,181,180,181,0,0,0,0,0,0,0,0,1.0,1,1,0,20,20,0,0,0
181,181,180,182,181,182,0,0,0,0,0,0,0,0,1.0,1,1,0,20,20,0,0,0
182,182,181,183,182,183,0,0,0,0,0,0,0,0,1.0,1,1,0,20,20,0,0,0
183,183,182,184,183,184,0,0,0,0,0,0,0,0,1.0,1,1,0,20,20,0,0,0
184,184,183,185,184,185,0,0,0,0,0,0,0,0,1.0,1,1,0,20,20,0,0,0
185,185,184,186,185,186,0,0,0,0,0,0,0,0,1.0,1,1,0,20,20,0,0,0
186,186,185,187,186,187,0,0,0,0,0,0,0,0,1.0,1,1,0,20,20,0,0,0
187,187,186,188,187,188,0,0,0,0,0,0,0,0,1.0,1,1,0,20,20,0,0,0
188,188,187,189,188,189,0,0,0,0,0,0,0,0,1.0,1,1,0,20,20,0,0,0
189,189,188,190,189,190,0,0,0,0,0,0,0,0,1.0,1,1,0,20,20,0,0,0
190,190,189,191,190,191,0,0,0,0,0,0,0,0,1.0,1,1,0,20,20,0,0,0
191,191,190,192,191,192,0,0,0,0,0,0,0,0,1.0,1,1,0,20,20,0,0,0
192,192,191,193,192,193,0,0,0,0,0,0,0,0,1.0,1,1,0,20,20,0,0,0
193,193,192,194,193,194,0,0,0,0,0,0,0,0,1.0,1,1,0,20,20,0,0,0
194,194,193,195,194,195,0,0,0,0,0,0,0,0,1.0,1,1,0,20,20,0,0,0
195,195,194,196,195,196,0,0,0,0,0,0,0,0,1.0,1,1,0,20,20,0,0,0
196,196,195,197,196,197,0,0,0,0,0,0,0,0,1.0,1,1,0,20,20,0,0,0
197,197,196,198,197,198,0,0,0,0,0,0,0,0,1.0,1,1,0,20,20,0,0,0
198,198,197,199,198,199,0,0,0,0,0,0,0,0,1.0,1,1,0,20,20,0,0,0
199,199,198,200,199,200,0,0,0,0,0,0,0,0,1.0,1,1,0,20,20,0,0,0
200,200,199,201,200,201,0,0,0,0,0,0,0,0,1.0,1,1,0,20,20,0,0,0
201,201,200,202,201,202,0,0,0,0,0,0,0,0,1.0,1,1,0,20,20,0,0,0
202,202,201,203,202,203,0,0,0,0,0,0,0,0,1.0,1,1,0,20,20,0,0,0
203,203,202,204,203,204,0,0,0,0,0,0,0,0,1.0,1,1,0,20,20,0,0,0
204,204,203,205,204,205,0,0,0,0,0,0,0,0,1.0,1,1,0,20,20,0,0,0
205,205,204,206,205,206,0,0,0,0,0,0,0,0,1.0,1,1,0,20,20,0,0,0
206,206,205,207,206,207,0,0,0,0,0,0,0,0,1.0,1,1,0,20,20,0,0,0
207,207,206,208,207,208,0,0,0,0,0,0,0,0,1.0,1,1,0,20,20,0,0,0
208,208,207,209,208,209,0,0,0,0,0,0,0,0,1.0,1,1,0,20,20,0,0,0
209,209,208,210,209,210,0,0,0,0,0,0,0,0,1.0,1,1,0,20,20,0,0,0
210,210,209,211,210,211,0,0,0,0,0,0,0,0,1.0,1,1,0,20,20,0,0,0
211,211,210,212,211,212,0,0,0,0,0,0,0,0,1.0,1,1,0,20,20,0,0,0
212,212,211,213,212,213,0,0,0,0,0,0,0,0,1.0,1,1,0,20,20,0,0,0
213,213,212,214,213,214,0,0,0,0,0,0,0,0,1.0,1,1,0,20,20,0,0,0
214,214,213,215,214,215,0,0,0,0,0,0,0,0,1.0,1,1,0,20,20,0,0,0
215,215,214,216,215,216,0,0,0,0,0,0,0,0,1.0,1,1,0,20,20,0,0,0
216,216,215,217,216,217,0,0,0,0,0,0,0,0,1.0,1,1,0,20,20,0,0,0
217,217,216,218,217,218,0,0,0,0,0,0,0,0,1.0,1,1,0,20,20,0,0,0
218,218,217,219,218,219,0,0,0,0,0,0,0,0,1.0,1,1,0,20,20,0,0,0
219,219,218,220,219,220,0,0,0,0,0,0,0,0,1.0,1,1,0,20,20,0,0,0
220,220,219,221,220,221,0,0,0,0,0,0,0,0,1.0,1,1,0,20,20,0,0,0
221,221,220,222,221,222,0,0,0,0,0,0,0,0,1.0,1,1,0,20,20,0,0,0
222,222,221,223,222,223,0,0,0,0,0,0,0,0,1.0,1,1,0,20,20,0,0,0
223,223,222,224,223,224,0,0,0,0,0,0,0,0,1.0,1,1,0,20,20,0,0,0
224,224,223,225,224,225,0,0,0,0,0,0,0,0,1.0,1,1,0,20,20,0,0,0
225,225,224,226,225,226,0,0,0,0,0,0,0,0,1.0,1,1,0,20,20,0,0,0
226,226,225,227,226,227,0,0,0,0,0,0,0,0,1.0,1,1,0,20,20,0,0,0
227,227,226,228,227,228,0,0,0,0,0,0,0,0,1.0,1,1,0,20,20,0,0,0
228,228,227,229,228,229,0,0,0,0,0,0,0,0,1.0,1,1,0,20,20,0,0,0
229,229,228,230,229,230,0,0,0,0,0,0,0,0,1.0,1,1,0,20,20,0,0,0
230,230,229,231,230,231,0,0,0,0,0,0,0,0,1.0,1,1,0,20,20,0,0,0
231,231,230,232,231,232,0,0,0,0,0,0,0,0,1.0,1,1,0,20,20,0,0,0
232,232,231,233,232,233,0,0,0,0,0,0,0,0,1.0,1,1,0,20,20,0,0,0
233,233,232,234,233,234,0,0,0,0,0,0,0,0,1.0,1,1,0,20,20,0,0,0
234,234,233,235,234,235,0,0,0,0,0,0,0,0,1.0,1,1,0,20,20,0,0,0
235,235,234,236,235,236,0,0,0,0,0,0,0,0,1.0,1,1,0,20,20,0,0,0
236,236,235,237,236,237,0,0,0,0,0,0,0,0,1.0,1,1,0,20,20,0,0,0
237,237,236,238,237,238,0,0,0,0,0,0,0,0,1.0,1,1,0,20,20,0,0,0
238,238,237,239,238,239,0,0,0,0,0,0,0,0,1.0,1,1,0,20,20,0,0,0
239,239,238,240,239,240,0,0,0,0,0,0,0,0,1.0,1,1,0,20,20,0,0,0
240,240,239,241,240,241,0,0,0,0,0,0,0,0,1.0,1,1,0,20,20,0,0,0
241,241,240,242,241,242,0,0,0,0,0,0,0,0,1.0,1,1,0,20,20,0,0,0
242,242,241,243,242,243,0,0,0,0,0,0,0,0,1.0,1,1,0,20,20,0,0,0
243,243,242,244,243,244,0,0,0,0,0,0,0,0,1.0,1,1,0,20,20,0,0,0
244,244,243,245,244,245,0,0,0,0,0,0,0,0,1.0,1,1,0,20,20,0,0,0
245,245,244,246,245,246,0,0,0,0,0,0,0,0,1.0,1,1,0,20,20,0,0,0
246,246,245,247,246,247,0,0,0,0,0,0,0,0,1.0,1,1,0,20,20,0,0,0
247,247,246,248,247,248,0,0,0,0,0,0,0,0,1.0,1,1,0,20,20,0,0,0
248,248,247,249,248,249,0,0,0,0,0,0,0,0,1.0,1,1,0,20,20,0,0,0
249,249,248,250,249,250,0,0,0,0,0,0,0,0,1.0,1,1,0,20,20,0,0,0
250,250,249,251,250,251,0,0,0,0,0,0,0,0,1.0,1,1,0,20,20,0,0,0
251,251,250,252,251,252,0,0,0,0,0,0,0,0,1.0,1,1,0,20,20,0,0,0
252,252,251,253,252,253,0,0,0,0,0,0,0,0,1.0,1,1,0,20,20,0,0,0
253,253,252,254,253,254,0,0,0,0,0,0,0,0,1.0,1,1,0,20,20,0,0,0
254,254,253,255,254,255,0,0,0,0,0,0,0,0,1.0,1,1,0,20,20,0,0,0
255,255,254,256,255,256,0,0,0,0,0,0,0,0,1.0,1,1,0,20,20,0,0,0
256,256,255,257,256,257,0,0,0,0,0,0,0,0,1.0,1,1,0,20,20,0,0,0
257,257,256,258,257,258,0,0,0,0,0,0,0,0,1.0,1,1,0,20,20,0,0,0
258,258,257,259,258,259,0,0,0,0,0,0,0,0,1.0,1,1,0,20,20,0,0,0
259,259,258,260,259,260,0,0,0,0,0,0,0,0,1.0,1,1,0,20,20,0,0,0
260,260,259,261,260,261,0,0,0,0,0,0,0,0,1.0,1,1,0,20,20,0,0,0
261,261,260,262,261,262,0,0,0,0,0,0,0,0,1.0,1,1,0,20,20,0,0,0
262,262,261,263,262,263,0,0,0,0,0,0,0,0,1.0,1,1,0,20,20,0,0,0
263,263,262,264,263,264,0,0,0,0,0,0,0,0,1.0,1,1,0,20,20,0,0,0
264,264,263,265,264,265,0,0,0,0,0,0,0,0,1.0,1,1,0,20,20,0,0,0
265,265,264,266,265,266,0,0,0,0,0,0,0,0,1.0,1,1,0,20,20,0,0,0
266,266,265,267,266,267,0,0,0,0,0,0,0,0,1.0,1,1,0,20,20,0,0,0
267,267,266,268,267,268,0,0,0,0,0,0,0,0,1.0,1,1,0,20,20,0,0,0
268,268,267,269,268,269,0,0,0,0,0,0,0,0,1.0,1,1,0,20,20,0,0,0
269,269,268,270,269,270,0,0,0,0,0,0,0,0,1.0,1,1,0,20,20,0,0,0
270,270,269,271,270,271,0,0,0,0,0,0,0,0,1.0,1,1,0,20,20,0,0,0
271,271,270,272,271,272,0,0,0,0,0,0,0,0,1.0,1,1,0,20,20,0,0,0
272,272,271,273,272,273,0,0,0,0,0,0,0,0,1.0,1,1,0,20,20,0,0,0
273,273,272,274,273,274,0,0,0,0,0,0,0,0,1.0,1,1,0,20,20,0,0,0
274,274,273,275,274,275,0,0,0,0,0,0,0,0,1.0,1,1,0,20,20,0,0,0
275,275,274,276,275,276,0,0,0,0,0,0,0,0,1.0,1,1,0,20,20,0,0,0
276,276,275,277,276,277,0,0,0,0,0,0,0,0,1.0,1,1,0,20,20,0,0,0
277,277,276,278,277,278,0,0,0,0,0,0,0,0,1.0,1,1,0,20,20,0,0,0
278,278,277,279,278,279,0,0,0,0,0,0,0,0,1.0,1,1,0,20,20,0,0,0
279,279,278,280,279,280,0,0,0,0,0,0,0,0,1.0,1,1,0,20,20,0,0,0
280,280,279,281,280,281,0,0,0,0,0,0,0,0,1.0,1,1,0,20,20,0,0,0
281,281,280,282,281,282,0,0,0,0,0,0,0,0,1.0,1,1,0,20,20,0,0,0
282,282,281,283,282,283,0,0,0,0,0,0,0,0,1.0,1,1,0,20,20,0,0,0
283,283,282,284,283,284,0,0,0,0,0,0,0,0,1.0,1,1,0,20,20,0,0,0
284,284,283,285,284,285,0,0,0,0,0,0,0,0,1.0,1,1,0,20,20,0,0,0
285,285,284,286,285,286,0,0,0,0,0,0,0,0,1.0,1,1,0,20,20,0,0,0
286,286,285,287,286,287,0,0,0,0,0,0,0,0,1.0,1,1,0,20,20,0,0,0
287,287,286,288,287,288,0,0,0,0,0,0,0,0,1.0,1,1,0,20,20,0,0,0
288,288,287,289,288,289,0,0,0,0,0,0,0,0,1.0,1,1,0,20,20,0,0,0
289,289,288,290,289,290,0,0,0,0,0,0,0,0,1.0,1,1,0,20,20,0,0,0
290,290,289,291,290,291,0,0,0,0,0,0,0,0,1.0,1,1,0,20,20,0,0,0
291,291,290,292,291,292,0,0,0,0,0,0,0,0,1.0,1,1,0,20,20,0,0,0
292,292,291,293,292,293,0,0,0,0,0,0,0,0,1.0,1,1,0,20,20,0,0,0
293,293,292,294,293,294,0,0,0,0,0,0,0,0,1.0,1,1,0,20,20,0,0,0
294,294,293,295,294,295,0,0,0,0,0,0,0,0,1.0,1,1,0,20,20,0,0,0
295,295,294,296,295,296,0,0,0,0,0,0,0,0,1.0,1,1,0,20,20,0,0,0
296,296,295,297,296,297,0,0,0,0,0,0,0,0,1.0,1,1,0,20,20,0,0,0
297,297,296,298,297,298,0,0,0,0,0,0,0,0,1.0,1,1,0,20,20,0,0,0
298,298,297,299,298,299,0,0,0,0,0,0,0,0,1.0,1,1,0,20,20,0,0,0
299,299,298,300,299,300,0,0,0,0,0,0,0,0,1.0,1,1,0,20,20,0,0,0
300,300,299,301,300,301,0,0,0,0,0,0,0,0,1.0,1,1,0,20,20,0,0,0
301,301,300,302,301,302,0,0,0,0,0,0,0,0,1.0,1,1,0,20,20,0,0,0
302,302,301,303,302,303,0,0,0,0,0,0,0,0,1.0,1,1,0,20,20,0,0,0
303,303,302,304,303,304,0,0,0,0,0,0,0,0,1.0,1,1,0,20,20,0,0,0
304,304,303,305,304,305,0,0,0,0,0,0,0,0,1.0,1,1,0,20,20,0,0,0
305,305,304,306,305,306,0,0,0,0,0,0,0,0,1.0,1,1,0,20,20,0,0,0
306,306,305,307,306,307,0,0,0,0,0,0,0,0,1.0,1,1,0,20,20,0,0,0
307,307,306,308,307,308,0,0,0,0,0,0,0,0,1.0,1,1,0,20,20,0,0,0
308,308,307,309,308,309,0,0,0,0,0,0,0,0,1.0,1,1,0,20,20,0,0,0
309,309,308,310,309,310,0,0,0,0,0,0,0,0,1.0,1,1,0,20,20,0,0,0
310,310,309,311,310,311,0,0,0,0,0,0,0,0,1.0,1,1,0,20,20,0,0,0
311,311,310,312,311,312,0,0,0,0,0,0,0,0,1.0,1,1,0,20,20,0,0,0
312,312,311,313,312,313,0,0,0,0,0,0,0,0,1.0,1,1,0,20,20,0,0,0
313,313,312,314,313,314,0,0,0,0,0,0,0,0,1.0,1,1,0,20,20,0,0,0
314,314,313,315,314,315,0,0,0,0,0,0,0,0,1.0,1,1,0,20,20,0,0,0
315,315,314,316,315,316,0,0,0,0,0,0,0,0,1.0,1,1,0,20,20,0,0,0
316,316,315,317,316,317,0,0,0,0,0,0,0,0,1.0,1,1,0,20,20,0,0,0
317,317,316,318,317,318,0,0,0,0,0,0,0,0,1.0,1,1,0,20,20,0,0,0
318,318,317,319,318,319,0,0,0,0,0,0,0,0,1.0,1,1,0,20,20,0,0,0
319,319,318,320,319,320,0,0,0,0,0,0,0,0,1.0,1,1,0,20,20,0,0,0
320,320,319,321,320,321,0,0,0,0,0,0,0,0,1.0,1,1,0,20,20,0,0,0
321,321,320,322,321,322,0,0,0,0,0,0,0,0,1.0,1,1,0,20,20,0,0,0
322,322,321,323,322,323,0,0,0,0,0,0,0,0,1.0,1,1,0,20,20,0,0,0
323,323,322,324,323,324,0,0,0,0,0,0,0,0,1.0,1,1,0,20,20,0,0,0
324,324,323,325,324,325,0,0,0,0,0,0,0,0,1.0,1,1,0,20,20,0,0,0
325,325,324,326,325,326,0,0,0,0,0,0,0,0,1.0,1,1,0,20,20,0,0,0
326,326,325,327,326,327,0,0,0,0,0,0,0,0,1.0,1,1,0,20,20,0,0,0
327,327,326,328,327,328,0,0,0,0,0,0,0,0,1.0,1,1,0,20,20,0,0,0
328,328,327,329,328,329,0,0,0,0,0,0,0,0,1.0,1,1,0,20,20,0,0,0
329,329,328,330,329,330,0,0,0,0,0,0,0,0,1.0,1,1,0,20,20,0,0,0
330,330,329,331,330,331,0,0,0,0,0,0,0,0,1.0,1,1,0,20,20,0,0,0
331,331,330,332,331,332,0,0,0,0,0,0,0,0,1.0,1,1,0,20,20,0,0,0
332,332,331,333,332,333,0,0,0,0,0,0,0,0,1.0,1,1,0,20,20,0,0,0
333,333,332,334,333,334,0,0,0,0,0,0,0,0,1.0,1,1,0,20,20,0,0,0
334,334,333,335,334,335,0,0,0,0,0,0,0,0,1.0,1,1,0,20,20,0,0,0
335,335,334,336,335,336,0,0,0,0,0,0,0,0,1.0,1,1,0,20,20,0,0,0
336,336,335,337,336,337,0,0,0,0,0,0,0,0,1.0,1,1,0,20,20,0,0,0
337,337,336,338,337,338,0,0,0,0,0,0,0,0,1.0,1,1,0,20,20,0,0,0
338,338,337,339,338,339,0,0,0,0,0,0,0,0,1.0,1,1,0,20,20,0,0,0
339,339,338,340,339,340,0,0,0,0,0,0,0,0,1.0,1,1,0,20,20,0,0,0
340,340,339,341,340,341,0,0,0,0,0,0,0,0,1.0,1,1,0,20,20,0,0,0
341,341,340,342,341,342,0,0,0,0,0,0,0,0,1.0,1,1,0,20,20,0,0,0
342,342,341,343,342,343,0,0,0,0,0,0,0,0,1.0,1,1,0,20,20,0,0,0
343,343,342,344,343,344,0,0,0,0,0,0,0,0,1.0,1,1,0,20,20,0,0,0
344,344,343,345,344,345,0,0,0,0,0,0,0,0,1.0,1,1,0,20,20,0,0,0
345,345,344,346,345,346,0,0,0,0,0,0,0,0,1.0,1,1,0,20,20,0,0,0
346,346,345,347,346,347,0,0,0,0,0,0,0,0,1.0,1,1,0,20,20,0,0,0
347,347,346,348,347,348,0,0,0,0,0,0,0,0,1.0,1,1,0,20,20,0,0,0
348,348,347,349,348,349,0,0,0,0,0,0,0,0,1.0,1,1,0,20,20,0,0,0
349,349,348,350,349,350,0,0,0,0,0,0,0,0,1.0,1,1,0,20,20,0,0,0
350,350,349,351,350,351,0,0,0,0,0,0,0,0,1.0,1,1,0,20,20,0,0,0
351,351,350,352,351,352,0,0,0,0,0,0,0,0,1.0,1,1,0,20,20,0,0,0
352,352,351,353,352,353,0,0,0,0,0,0,0,0,1.0,1,1,0,20,20,0,0,0
353,353,352,354,353,354,0,0,0,0,0,0,0,0,1.0,1,1,0,20,20,0,0,0
354,354,353,355,354,355,0,0,0,0,0,0,0,0,1.0,1,1,0,20,20,0,0,0
355,355,354,356,355,356,0,0,0,0,0,0,0,0,1.0,1,1,0,20,20,0,0,0
356,356,355,357,356,357,0,0,0,0,0,0,0,0,1.0,1,1,0,20,20,0,0,0
357,357,356,358,357,358,0,0,0,0,0,0,0,0,1.0,1,1,0,20,20,0,0,0
358,358,357,359,358,359,0,0,0,0,0,0,0,0,1.0,1,1,0,20,20,0,0,0
359,359,358,360,359,360,0,0,0,0,0,0,0,0,1.0,1,1,0,20,20,0,0,0
360,360,359,361,360,361,0,0,0,0,0,0,0,0,1.0,1,1,0,20,20,0,0,0
361,361,360,362,361,362,0,0,0,0,0,0,0,0,1.0,1,1,0,20,20,0,0,0
362,362,361,363,362,363,0,0,0,0,0,0,0,0,1.0,1,1,0,20,20,0,0,0
363,363,362,364,363,364,0,0,0,0,0,0,0,0,1.0,1,1,0,20,20,0,0,0
364,364,363,365,364,365,0,0,0,0,0,0,0,0,1.0,1,1,0,20,20,0,0,0
365,365,364,366,365,366,0,0,0,0,0,0,0,0,1.0,1,1,0,20,20,0,0,0
366,366,365,367,366,367,0,0,0,0,0,0,0,0,1.0,1,1,0,20,20,0,0,0
367,367,366,368,367,368,0,0,0,0,0,0,0,0,1.0,1,1,0,20,20,0,0,0
368,368,367,369,368,369,0,0,0,0,0,0,0,0,1.0,1,1,0,20,20,0,0,0
369,369,368,370,369,370,0,0,0,0,0,0,0,0,1.0,1,1,0,20,20,0,0,0
370,370,369,371,370,371,0,0,0,0,0,0,0,0,1.0,1,1,0,20,20,0,0,0
371,371,370,372,371,372,0,0,0,0,0,0,0,0,1.0,1,1,0,20,20,0,0,0
372,372,371,373,372,373,0,0,0,0,0,0,0,0,1.0,1,1,0,20,20,0,0,0
373,373,372,374,373,374,0,0,0,0,0,0,0,0,1.0,1,1,0,20,20,0,0,0
374,374,373,375,374,375,0,0,0,0,0,0,0,0,1.0,1,1,0,20,20,0,0,0
375,375,374,376,375,376,0,0,0,0,0,0,0,0,1.0,1,1,0,20,20,0,0,0
376,376,375,377,376,377,0,0,0,0,0,0,0,0,1.0,1,1,0,20,20,0,0,0
377,377,376,378,377,378,0,0,0,0,0,0,0,0,1.0,1,1,0,20,20,0,0,0
378,378,377,379,378,379,0,0,0,0,0,0,0,0,1.0,1,1,0,20,20,0,0,0
379,379,378,380,379,380,0,0,0,0,0,0,0,0,1.0,1,1,0,20,20,0,0,0
380,380,379,381,380,381,0,0,0,0,0,0,0,0,1.0,1,1,0,20,20,0,0,0
381,381,380,382,381,382,0,0,0,0,0,0,0,0,1.0,1,1,0,20,20,0,0,0
382,382,381,383,382,383,0,0,0,0,0,0,0,0,1.0,1,1,0,20,20,0,0,0
383,383,382,384,383,384,0,0,0,0,0,0,0,0,1.0,1,1,0,20,20,0,0,0
384,384,383,385,384,385,0,0,0,0,0,0,0,0,1.0,1,1,0,20,20,0,0,0
385,385,384,386,385,386,0,0,0,0,0,0,0,0,1.0,1,1,0,20,20,0,0,0
386,386,385,387,386,387,0,0,0,0,0,0,0,0,1.0,1,1,0,20,20,0,0,0
387,387,386,388,387,388,0,0,0,0,0,0,0,0,1.0,1,1,0,20,20,0,0,0
388,388,387,389,388,389,0,0,0,0,0,0,0,0,1.0,1,1,0,20,20,0,0,0
389,389,388,390,389,390,0,0,0,0,0,0,0,0,1.0,1,1,0,20,20,0,0,0
390,390,389,391,390,391,0,0,0,0,0,0,0,0,1.0,1,1,0,20,20,0,0,0
391,391,390,392,391,392,0,0,0,0,0,0,0,0,1.0,1,1,0,20,20,0,0,0
392,392,391,393,392,393,0,0,0,0,0,0,0,0,1.0,1,1,0,20,20,0,0,0
393,393,392,394,393,394,0,0,0,0,0,0,0,0,1.0,1,1,0,20,20,0,0,0
394,394,393,395,394,395,0,0,0,0,0,0,0,0,1.0,1,1,0,20,20,0,0,0
395,395,394,396,395,396,0,0,0,0,0,0,0,0,1.0,1,1,0,20,20,0,0,0
396,396,395,397,396,397,0,0,0,0,0,0,0,0,1.0,1,1,0,20,20,0,0,0
397,397,396,398,397,398,0,0,0,0,0,0,0,0,1.0,1,1,0,20,20,0,0,0
398,398,397,399,398,399,0,0,0,0,0,0,0,0,1.0,1,1,0,20,20,0,0,0
399,399,398,400,399,400,0,0,0,0,0,0,0,0,1.0,1,1,0,20,20,0,0,0
400,400,399,401,400,401,0,0,0,0,0,0,0,0,1.0,1,1,0,20,20,0,0,0
401,401,400,402,401,402,0,0,0,0,0,0,0,0,1.0,1,1,0,20,20,0,0,0
402,402,401,403,402,403,0,0,0,0,0,0,0,0,1.0,1,1,0,20,20,0,0,0
403,403,402,404,403,404,0,0,0,0,0,0,0,0,1.0,1,1,0,20,20,0,0,0
404,404,403,405,404,405,0,0,0,0,0,0,0,0,1.0,1,1,0,20,20,0,0,0
405,405,404,406,405,406,0,0,0,0,0,0,0,0,1.0,1,1,0,20,20,0,0,0
406,406,405,407,406,407,0,0,0,0,0,0,0,0,1.0,1,1,0,20,20,0,0,0
407,407,406,408,407,408,0,0,0,0,0,0,0,0,1.0,1,1,0,20,20,0,0,0
408,408,407,409,408,409,0,0,0,0,0,0,0,0,1.0,1,1,0,20,20,0,0,0
409,409,408,410,409,410,0,0,0,0,0,0,0,0,1.0,1,1,0,20,20,0,0,0
410,410,409,411,410,411,0,0,0,0,0,0,0,0,1.0,1,1,0,20,20,0,0,0
411,411,410,412,411,412,0,0,0,0,0,0,0,0,1.0,1,1,0,20,20,0,0,0
412,412,411,413,412,413,0,0,0,0,0,0,0,0,1.0,1,1,0,20,20,0,0,0
413,413,412,414,413,414,0,0,0,0,0,0,0,0,1.0,1,1,0,20,20,0,0,0
414,414,413,415,414,415,0,0,0,0,0,0,0,0,1.0,1,1,0,20,20,0,0,0
415,415,414,416,415,416,0,0,0,0,0,0,0,0,1.0,1,1,0,20,20,0,0,0
416,416,415,417,416,417,0,0,0,0,0,0,0,0,1.0,1,1,0,20,20,0,0,0
417,417,416,418,417,418,0,0,0,0,0,0,0,0,1.0,1,1,0,20,20,0,0,0
418,418,417,419,418,419,0,0,0,0,0,0,0,0,1.0,1,1,0,20,20,0,0,0
419,419,418,420,419,420,0,0,0,0,0,0,0,0,1.0,1,1,0,20,20,0,0,0
420,420,419,421,420,421,0,0,0,0,0,0,0,0,1.0,1,1,0,20,20,0,0,0
421,421,420,422,421,422,0,0,0,0,0,0,0,0,1.0,1,1,0,20,20,0,0,0
422,422,421,423,422,423,0,0,0,0,0,0,0,0,1.0,1,1,0,20,20,0,0,0
423,423,422,424,423,424,0,0,0,0,0,0,0,0,1.0,1,1,0,20,20,0,0,0
424,424,423,425,424,425,0,0,0,0,0,0,0,0,1.0,1,1,0,20,20,0,0,0
425,425,424,426,425,426,0,0,0,0,0,0,0,0,1.0,1,1,0,20,20,0,0,0
426,426,425,427,426,427,0,0,0,0,0,0,0,0,1.0,1,1,0,20,20,0,0,0
427,427,426,428,427,428,0,0,0,0,0,0,0,0,1.0,1,1,0,20,20,0,0,0
428,428,427,429,428,429,0,0,0,0,0,0,0,0,1.0,1,1,0,20,20,0,0,0
429,429,428,430,429,430,0,0,0,0,0,0,0,0,1.0,1,1,0,20,20,0,0,0
430,430,429,431,430,431,0,0,0,0,0,0,0,0,1.0,1,1,0,20,20,0,0,0
431,431,430,432,431,432,0,0,0,0,0,0,0,0,1.0,1,1,0,20,20,0,0,0
432,432,431,433,432,433,0,0,0,0,0,0,0,0,1.0,1,1,0,20,20,0,0,0
433,433,432,434,433,434,0,0,0,0,0,0,0,0,1.0,1,1,0,20,20,0,0,0
434,434,433,435,434,435,0,0,0,0,0,0,0,0,1.0,1,1,0,20,20,0,0,0
435,435,434,436,435,436,0,0,0,0,0,0,0,0,1.0,1,1,0,20,20,0,0,0
436,436,435,437,436,437,0,0,0,0,0,0,0,0,1.0,1,1,0,20,20,0,0,0
437,437,436,438,437,438,0,0,0,0,0,0,0,0,1.0,1,1,0,20,20,0,0,0
438,438,437,439,438,439,0,0,0,0,0,0,0,0,1.0,1,1,0,20,20,0,0,0
439,439,438,440,439,440,0,0,0,0,0,0,0,0,1.0,1,1,0,20,20,0,0,0
440,440,439,441,440,441,0,0,0,0,0,0,0,0,1.0,1,1,0,20,20,0,0,0
441,441,440,442,441,442,0,0,0,0,0,0,0,0,1.0,1,1,0,20,20,0,0,0
442,442,441,443,442,443,0,0,0,0,0,0,0,0,1.0,1,1,0,20,20,0,0,0
443,443,442,444,443,444,0,0,0,0,0,0,0,0,1.0,1,1,0,20,20,0,0,0
444,444,443,445,444,445,0,0,0,0,0,0,0,0,1.0,1,1,0,20,20,0,0,0
445,445,444,446,445,446,0,0,0,0,0,0,0,0,1.0,1,1,0,20,20,0,0,0
446,446,445,447,446,447,0,0,0,0,0,0,0,0,1.0,1,1,0,20,20,0,0,0
447,447,446,448,447,448,0,0,0,0,0,0,0,0,1.0,1,1,0,20,20,0,0,0
448,448,447,449,448,449,0,0,0,0,0,0,0,0,1.0,1,1,0,20,20,0,0,0
449,449,448,450,449,450,0,0,0,0,0,0,0,0,1.0,1,1,0,20,20,0,0,0
450,450,449,451,450,451,0,0,0,0,0,0,0,0,1.0,1,1,0,20,20,0,0,0
451,451,450,452,451,452,0,0,0,0,0,0,0,0,1.0,1,1,0,20,20,0,0,0
452,452,451,453,452,453,0,0,0,0,0,0,0,0,1.0,1,1,0,20,20,0,0,0
453,453,452,454,453,454,0,0,0,0,0,0,0,0,1.0,1,1,0,20,20,0,0,0
454,454,453,455,454,455,0,0,0,0,0,0,0,0,1.0,1,1,0,20,20,0,0,0
455,455,454,456,455,456,0,0,0,0,0,0,0,0,1.0,1,1,0,20,20,0,0,0
456,456,455,457,456,457,0,0,0,0,0,0,0,0,1.0,1,1,0,20,20,0,0,0
457,457,456,458,457,458,0,0,0,0,0,0,0,0,1.0,1,1,0,20,20,0,0,0
458,458,457,459,458,459,0,0,0,0,0,0,0,0,1.0,1,1,0,20,20,0,0,0
459,459,458,460,459,460,0,0,0,0,0,0,0,0,1.0,1,1,0,20,20,0,0,0
460,460,459,461,460,461,0,0,0,0,0,0,0,0,1.0,1,1,0,20,20,0,0,0
461,461,460,462,461,462,0,0,0,0,0,0,0,0,1.0,1,1,0,20,20,0,0,0
462,462,461,463,462,463,0,0,0,0,0,0,0,0,1.0,1,1,0,20,20,0,0,0
463,463,462,464,463,464,0,0,0,0,0,0,0,0,1.0,1,1,0,20,20,0,0,0
464,464,463,465,464,465,0,0,0,0,0,0,0,0,1.0,1,1,0,20,20,0,0,0
465,465,464,466,465,466,0,0,0,0,0,0,0,0,1.0,1,1,0,20,20,0,0,0
466,466,465,467,466,467,0,0,0,0,0,0,0,0,1.0,1,1,0,20,20,0,0,0
467,467,466,468,467,468,0,0,0,0,0,0,0,0,1.0,1,1,0,20,20,0,0,0
468,468,467,469,468,469,0,0,0,0,0,0,0,0,1.0,1,1,0,20,20,0,0,0
469,469,468,470,469,470,0,0,0,0,0,0,0,0,1.0,1,1,0,20,20,0,0,0
470,470,469,471,470,471,0,0,0,0,0,0,0,0,1.0,1,1,0,20,20,0,0,0
471,471,470,472,471,472,0,0,0,0,0,0,0,0,1.0,1,1,0,20,20,0,0,0
472,472,471,473,472,473,0,0,0,0,0,0,0,0,1.0,1,1,0,20,20,0,0,0
473,473,472,474,473,474,0,0,0,0,0,0,0,0,1.0,1,1,0,20,20,0,0,0
474,474,473,475,474,475,0,0,0,0,0,0,0,0,1.0,1,1,0,20,20,0,0,0
475,475,474,476,475,476,0,0,0,0,0,0,0,0,1.0,1,1,0,20,20,0,0,0
476,476,475,477,476,477,0,0,0,0,0,0,0,0,1.0,1,1,0,20,20,0,0,0
477,477,476,478,477,478,0,0,0,0,0,0,0,0,1.0,1,1,0,20,20,0,0,0
478,478,477,479,478,479,0,0,0,0,0,0,0,0,1.0,1,1,0,20,20,0,0,0
479,479,478,480,479,480,0,0,0,0,0,0,0,0,1.0,1,1,0,20,20,0,0,0
480,480,479,481,480,481,0,0,0,0,0,0,0,0,1.0,1,1,0,20,20,0,0,0
481,481,480,482,481,482,0,0,0,0,0,0,0,0,1.0,1,1,0,20,20,0,0,0
482,482,481,483,482,483,0,0,0,0,0,0,0,0,1.0,1,1,0,20,20,0,0,0
483,483,482,484,483,484,0,0,0,0,0,0,0,0,1.0,1,1,0,20,20,0,0,0
484,484,483,485,484,485,0,0,0,0,0,0,0,0,1.0,1,1,0,20,20,0,0,0
485,485,484,486,485,486,0,0,0,0,0,0,0,0,1.0,1,1,0,20,20,0,0,0
486,486,485,487,486,487,0,0,0,0,0,0,0,0,1.0,1,1,0,20,20,0,0,0
487,487,486,488,487,488,0,0,0,0,0,0,0,0,1.0,1,1,0,20,20,0,0,0
488,488,487,489,488,489,0,0,0,0,0,0,0,0,1.0,1,1,0,20,20,0,0,0
489,489,488,490,489,490,0,0,0,0,0,0,0,0,1.0,1,1,0,20,20,0,0,0
490,490,489,491,490,491,0,0,0,0,0,0,0,0,1.0,1,1,0,20,20,0,0,0
491,491,490,492,491,492,0,0,0,0,0,0,0,0,1.0,1,1,0,20,20,0,0,0
492,492,491,493,492,493,0,0,0,0,0,0,0,0,1.0,1,1,0,20,20,0,0,0
493,493,492,494,493,494,0,0,0,0,0,0,0,0,1.0,1,1,0,20,20,0,0,0
494,494,493,495,494,495,0,0,0,0,0,0,0,0,1.0,1,1,0,20,20,0,0,0
495,495,494,496,495,496,0,0,0,0,0,0,0,0,1.0,1,1,0,20,20,0,0,0
496,496,495,497,496,497,0,0,0,0,0,0,0,0,1.0,1,1,0,20,20,0,0,0
497,497,496,498,497,498,0,0,0,0,0,0,0,0,1.0,1,1,0,20,20,0,0,0
498,498,497,499,498,499,0,0,0,0,0,0,0,0,1.0,1,1,0,20,20,0,0,0
499,499,498,500,499,500,0,0,0,0,0,0,0,0,1.0,1,1,0,20,20,0,0,0
500,500,499,501,500,501,0,0,0,0,0,0,0,0,1.0,1,1,0,20,20,0,0,0
501,501,500,502,501,502,0,0,0,0,0,0,0,0,1.0,1,1,0,20,20,0,0,0
502,502,501,503,502,503,0,0,0,0,0,0,0,0,1.0,1,1,0,20,20,0,0,0
503,503,502,504,503,504,0,0,0,0,0,0,0,0,1.0,1,1,0,20,20,0,0,0
504,504,503,505,504,505,0,0,0,0,0,0,0,0,1.0,1,1,0,20,20,0,0,0
505,505,504,506,505,506,0,0,0,0,0,0,0,0,1.0,1,1,0,20,20,0,0,0
506,506,505,507,506,507,0,0,0,0,0,0,0,0,1.0,1,1,0,20,20,0,0,0
507,507,506,508,507,508,0,0,0,0,0,0,0,0,1.0,1,1,0,20,20,0,0,0
508,508,507,509,508,509,0,0,0,0,0,0,0,0,1.0,1,1,0,20,20,0,0,0
509,509,508,510,509,510,0,0,0,0,0,0,0,0,1.0,1,1,0,20,20,0,0,0
510,510,509,511,510,511,0,0,0,0,0,0,0,0,1.0,1,1,0,20,20,0,0,0
511,511,510,512,511,512,0,0,0,0,0,0,0,0,1.0,1,1,0,20,20,0,0,0
512,512,511,513,512,513,0,0,0,0,0,0,0,0,1.0,1,1,0,20,20,0,0,0
513,513,512,514,513,514,0,0,0,0,0,0,0,0,1.0,1,1,0,20,20,0,0,0
514,514,513,515,514,515,0,0,0,0,0,0,0,0,1.0,1,1,0,20,20,0,0,0
515,515,514,516,515,516,0,0,0,0,0,0,0,0,1.0,1,1,0,20,20,0,0,0
516,516,515,517,516,517,0,0,0,0,0,0,0,0,1.0,1,1,0,20,20,0,0,0
517,517,516,518,517,518,0,0,0,0,0,0,0,0,1.0,1,1,0,20,20,0,0,0
518,518,517,519,518,519,0,0,0,0,0,0,0,0,1.0,1,1,0,20,20,0,0,0
519,519,518,520,519,520,0,0,0,0,0,0,0,0,1.0,1,1,0,20,20,0,0,0
520,520,519,521,520,521,0,0,0,0,0,0,0,0,1.0,1,1,0,20,20,0,0,0
521,521,520,522,521,522,0,0,0,0,0,0,0,0,1.0,1,1,0,20,20,0,0,0
522,522,521,523,522,523,0,0,0,0,0,0,0,0,1.0,1,1,0,20,20,0,0,0
523,523,522,524,523,524,0,0,0,0,0,0,0,0,1.0,1,1,0,20,20,0,0,0
524,524,523,525,524,525,0,0,0,0,0,0,0,0,1.0,1,1,0,20,20,0,0,0
525,525,524,526,525,526,0,0,0,0,0,0,0,0,1.0,1,1,0,20,20,0,0,0
526,526,525,527,526,527,0,0,0,0,0,0,0,0,1.0,1,1,0,20,20,0,0,0
527,527,526,528,527,528,0,0,0,0,0,0,0,0,1.0,1,1,0,20,20,0,0,0
528,528,527,529,528,529,0,0,0,0,0,0,0,0,1.0,1,1,0,20,20,0,0,0
529,529,528,530,529,530,0,0,0,0,0,0,0,0,1.0,1,1,0,20,20,0,0,0
530,530,529,531,530,531,0,0,0,0,0,0,0,0,1.0,1,1,0,20,20,0,0,0
531,531,530,532,531,532,0,0,0,0,0,0,0,0,1.0,1,1,0,20,20,0,0,0
532,532,531,533,532,533,0,0,0,0,0,0,0,0,1.0,1,1,0,20,20,0,0,0
533,533,532,534,533,534,0,0,0,0,0,0,0,0,1.0,1,1,0,20,20,0,0,0
534,534,533,535,534,535,0,0,0,0,0,0,0,0,1.0,1,1,0,20,20,0,0,0
535,535,534,536,535,536,0,0,0,0,0,0,0,0,1.0,1,1,0,20,20,0,0,0
536,536,535,537,536,537,0,0,0,0,0,0,0,0,1.0,1,1,0,20,20,0,0,0
537,537,536,538,537,538,0,0,0,0,0,0,0,0,1.0,1,1,0,20,20,0,0,0
538,538,537,539,538,539,0,0,0,0,0,0,0,0,1.0,1,1,0,20,20,0,0,0
539,539,538,540,539,540,0,0,0,0,0,0,0,0,1.0,1,1,0,20,20,0,0,0
540,540,539,541,540,541,0,0,0,0,0,0,0,0,1.0,1,1,0,20,20,0,0,0
541,541,540,542,541,542,0,0,0,0,0,0,0,0,1.0,1,1,0,20,20,0,0,0
542,542,541,543,542,543,0,0,0,0,0,0,0,0,1.0,1,1,0,20,20,0,0,0
543,543,542,544,543,544,0,0,0,0,0,0,0,0,1.0,1,1,0,20,20,0,0,0
544,544,543,545,544,545,0,0,0,0,0,0,0,0,1.0,1,1,0,20,20,0,0,0
545,545,544,546,545,546,0,0,0,0,0,0,0,0,1.0,1,1,0,20,20,0,0,0
546,546,545,547,546,547,0,0,0,0,0,0,0,0,1.0,1,1,0,20,20,0,0,0
547,547,546,548,547,548,0,0,0,0,0,0,0,0,1.0,1,1,0,20,20,0,0,0
548,548,547,549,548,549,0,0,0,0,0,0,0,0,1.0,1,1,0,20,20,0,0,0
549,549,548,550,549,550,0,0,0,0,0,0,0,0,1.0,1,1,0,20,20,0,0,0
550,550,549,551,550,551,0,0,0,0,0,0,0,0,1.0,1,1,0,20,20,0,0,0
551,551,550,552,551,552,0,0,0,0,0,0,0,0,1.0,1,1,0,20,20,0,0,0
552,552,551,553,552,553,0,0,0,0,0,0,0,0,1.0,1,1,0,20,20,0,0,0
553,553,552,554,553,554,0,0,0,0,0,0,0,0,1.0,1,1,0,20,20,0,0,0
554,554,553,555,554,555,0,0,0,0,0,0,0,0,1.0,1,1,0,20,20,0,0,0
555,555,554,556,555,556,0,0,0,0,0,0,0,0,1.0,1,1,0,20,20,0,0,0
556,556,555,557,556,557,0,0,0,0,0,0,0,0,1.0,1,1,0,20,20,0,0,0
557,557,556,558,557,558,0,0,0,0,0,0,0,0,1.0,1,1,0,20,20,0,0,0
558,558,557,559,558,559,0,0,0,0,0,0,0,0,1.0,1,1,0,20,20,0,0,0
559,559,558,560,559,560,0,0,0,0,0,0,0,0,1.0,1,1,0,20,20,0,0,0
560,560,559,561,560,561,0,0,0,0,0,0,0,0,1.0,1,1,0,20,20,0,0,0
561,561,560,562,561,562,0,0,0,0,0,0,0,0,1.0,1,1,0,20,20,0,0,0
562,562,561,563,562,563,0,0,0,0,0,0,0,0,1.0,1,1,0,20,20,0,0,0
563,563,562,564,563,564,0,0,0,0,0,0,0,0,1.0,1,1,0,20,20,0,0,0
564,564,563,565,564,565,0,0,0,0,0,0,0,0,1.0,1,1,0,20,20,0,0,0
565,565,564,566,565,566,0,0,0,0,0,0,0,0,1.0,1,1,0,20,20,0,0,0
566,566,565,567,566,567,0,0,0,0,0,0,0,0,1.0,1,1,0,20,20,0,0,0
567,567,566,568,567,568,0,0,0,0,0,0,0,0,1.0,1,1,0,20,20,0,0,0
568,568,567,569,568,569,0,0,0,0,0,0,0,0,1.0,1,1,0,20,20,0,0,0
569,569,568,570,569,570,0,0,0,0,0,0,0,0,1.0,1,1,0,20,20,0,0,0
570,570,569,571,570,571,0,0,0,0,0,0,0,0,1.0,1,1,0,20,20,0,0,0
571,571,570,572,571,572,0,0,0,0,0,0,0,0,1.0,1,1,0,20,20,0,0,0
572,572,571,573,572,573,0,0,0,0,0,0,0,0,1.0,1,1,0,20,20,0,0,0
573,573,572,574,573,574,0,0,0,0,0,0,0,0,1.0,1,1,0,20,20,0,0,0
574,574,573,575,574,575,0,0,0,0,0,0,0,0,1.0,1,1,0,20,20,0,0,0
575,575,574,576,575,576,0,0,0,0,0,0,0,0,1.0,1,1,0,20,20,0,0,0
576,576,575,577,576,577,0,0,0,0,0,0,0,0,1.0,1,1,0,20,20,0,0,0
577,577,576,578,577,578,0,0,0,0,0,0,0,0,1.0,1,1,0,20,20,0,0,0
578,578,577,579,578,579,0,0,0,0,0,0,0,0,1.0,1,1,0,20,20,0,0,0
579,579,578,580,579,580,0,0,0,0,0,0,0,0,1.0,1,1,0,20,20,0,0,0
580,580,579,581,580,581,0,0,0,0,0,0,0,0,1.0,1,1,0,20,20,0,0,0
581,581,580,582,581,582,0,0,0,0,0,0,0,0,1.0,1,1,0,20,20,0,0,0
582,582,581,583,582,583,0,0,0,0,0,0,0,0,1.0,1,1,0,20,20,0,0,0
583,583,582,584,583,584,0,0,0,0,0,0,0,0,1.0,1,1,0,20,20,0,0,0
584,584,583,585,584,585,0,0,0,0,0,0,0,0,1.0,1,1,0,20,20,0,0,0
585,585,584,586,585,586,0,0,0,0,0,0,0,0,1.0,1,1,0,20,20,0,0,0
586,586,585,587,586,587,0,0,0,0,0,0,0,0,1.0,1,1,0,20,20,0,0,0
587,587,586,588,587,588,0,0,0,0,0,0,0,0,1.0,1,1,0,20,20,0,0,0
588,588,587,589,588,589,0,0,0,0,0,0,0,0,1.0,1,1,0,20,20,0,0,0
589,589,588,590,589,590,0,0,0,0,0,0,0,0,1.0,1,1,0,20,20,0,0,0
590,590,589,591,590,591,0,0,0,0,0,0,0,0,1.0,1,1,0,20,20,0,0,0
591,591,590,592,591,592,0,0,0,0,0,0,0,0,1.0,1,1,0,20,20,0,0,0
592,592,591,593,592,593,0,0,0,0,0,0,0,0,1.0,1,1,0,20,20,0,0,0
593,593,592,594,593,594,0,0,0,0,0,0,0,0,1.0,1,1,0,20,20,0,0,0
594,594,593,595,594,595,0,0,0,0,0,0,0,0,1.0,1,1,0,20,20,0,0,0
595,595,594,596,595,596,0,0,0,0,0,0,0,0,1.0,1,1,0,20,20,0,0,0
596,596,595,597,596,597,0,0,0,0,0,0,0,0,1.0,1,1,0,20,20,0,0,0
597,597,596,598,597,598,0,0,0,0,0,0,0,0,1.0,1,1,0,20,20,0,0,0
598,598,597,599,598,599,0,0,0,0,0,0,0,0,1.0,1,1,0,20,20,0,0,0
599,599,598,600,599,600,0,0,0,0,0,0,0,0,1.0,1,1,0,20,20,0,0,0
600,600,599,601,600,601,0,0,0,0,0,0,0,0,1.0,1,1,0,20,20,0,0,0
601,601,600,602,601,602,0,0,0,0,0,0,0,0,1.0,1,1,0,20,20,0,0,0
602,602,601,603,602,603,0,0,0,0,0,0,0,0,1.0,1,1,0,20,20,0,0,0
603,603,602,604,603,604,0,0,0,0,0,0,0,0,1.0,1,1,0,20,20,0,0,0
604,604,603,605,604,605,0,0,0,0,0,0,0,0,1.0,1,1,0,20,20,0,0,0
605,605,604,606,605,606,0,0,0,0,0,0,0,0,1.0,1,1,0,20,20,0,0,0
606,606,605,607,606,607,0,0,0,0,0,0,0,0,1.0,1,1,0,20,20,0,0,0
607,607,606,608,607,608,0,0,0,0,0,0,0,0,1.0,1,1,0,20,20,0,0,0
608,608,607,609,608,609,0,0,0,0,0,0,0,0,1.0,1,1,0,20,20,0,0,0
609,609,608,610,609,610,0,0,0,0,0,0,0,0,1.0,1,1,0,20,20,0,0,0
610,610,609,611,610,611,0,0,0,0,0,0,0,0,1.0,1,1,0,20,20,0,0,0
611,611,610,612,611,612,0,0,0,0,0,0,0,0,1.0,1,1,0,20,20,0,0,0
612,612,611,613,612,613,0,0,0,0,0,0,0,0,1.0,1,1,0,20,20,0,0,0
613,613,612,614,613,614,0,0,0,0,0,0,0,0,1.0,1,1,0,20,20,0,0,0
614,614,613,615,614,615,0,0,0,0,0,0,0,0,1.0,1,1,0,20,20,0,0,0
615,615,614,616,615,616,0,0,0,0,0,0,0,0,1.0,1,1,0,20,20,0,0,0
616,616,615,617,616,617,0,0,0,0,0,0,0,0,1.0,1,1,0,20,20,0,0,0
617,617,616,618,617,618,0,0,0,0,0,0,0,0,1.0,1,1,0,20,20,0,0,0
618,618,617,619,618,619,0,0,0,0,0,0,0,0,1.0,1,1,0,20,20,0,0,0
619,619,618,620,619,620,0,0,0,0,0,0,0,0,1.0,1,1,0,20,20,0,0,0
620,620,619,621,620,621,0,0,0,0,0,0,0,0,1.0,1,1,0,20,20,0,0,0
621,621,620,622,621,622,0,0,0,0,0,0,0,0,1.0,1,1,0,20,20,0,0,0
622,622,621,623,622,623,0,0,0,0,0,0,0,0,1.0,1,1,0,20,20,0,0,0
623,623,622,624,623,624,0,0,0,0,0,0,0,0,1.0,1,1,0,20,20,0,0,0
624,624,623,625,624,625,0,0,0,0,0,0,0,0,1.0,1,1,0,20,20,0,0,0
625,625,624,626,625,626,0,0,0,0,0,0,0,0,1.0,1,1,0,20,20,0,0,0
626,626,625,627,626,627,0,0,0,0,0,0,0,0,1.0,1,1,0,20,20,0,0,0
627,627,626,628,627,628,0,0,0,0,0,0,0,0,1.0,1,1,0,20,20,0,0,0
628,628,627,629,628,629,0,0,0,0,0,0,0,0,1.0,1,1,0,20,20,0,0,0
629,629,628,630,629,630,0,0,0,0,0,0,0,0,1.0,1,1,0,20,20,0,0,0
630,630,629,631,630,631,0,0,0,0,0,0,0,0,1.0,1,1,0,20,20,0,0,0
631,631,630,632,631,632,0,0,0,0,0,0,0,0,1.0,1,1,0,20,20,0,0,0
632,632,631,633,632,633,0,0,0,0,0,0,0,0,1.0,1,1,0,20,20,0,0,0
633,633,632,634,633,634,0,0,0,0,0,0,0,0,1.0,1,1,0,20,20,0,0,0
634,634,633,635,634,635,0,0,0,0,0,0,0,0,1.0,1,1,0,20,20,0,0,0
635,635,634,636,635,636,0,0,0,0,0,0,0,0,1.0,1,1,0,20,20,0,0,0
636,636,635,637,636,637,0,0,0,0,0,0,0,0,1.0,1,1,0,20,20,0,0,0
637,637,636,638,637,638,0,0,0,0,0,0,0,0,1.0,1,1,0,20,20,0,0,0
638,638,637,639,638,639,0,0,0,0,0,0,0,0,1.0,1,1,0,20,20,0,0,0
639,639,638,640,639,640,0,0,0,0,0,0,0,0,1.0,1,1,0,20,20,0,0,0
640,640,639,641,640,641,0,0,0,0,0,0,0,0,1.0,1,1,0,20,20,0,0,0
641,641,640,642,641,642,0,0,0,0,0,0,0,0,1.0,1,1,0,20,20,0,0,0
642,642,641,643,642,643,0,0,0,0,0,0,0,0,1.0,1,1,0,20,20,0,0,0
643,643,642,644,643,644,0,0,0,0,0,0,0,0,1.0,1,1,0,20,20,0,0,0
644,644,643,645,644,645,0,0,0,0,0,0,0,0,1.0,1,1,0,20,20,0,0,0
645,645,644,646,645,646,0,0,0,0,0,0,0,0,1.0,1,1,0,20,20,0,0,0
646,646,645,647,646,647,0,0,0,0,0,0,0,0,1.0,1,1,0,20,20,0,0,0
647,647,646,648,647,648,0,0,0,0,0,0,0,0,1.0,1,1,0,20,20,0,0,0
648,648,647,649,648,649,0,0,0,0,0,0,0,0,1.0,1,1,0,20,20,0,0,0
649,649,648,650,649,650,0,0,0,0,0,0,0,0,1.0,1,1,0,20,20,0,0,0
650,650,649,651,650,651,0,0,0,0,0,0,0,0,1.0,1,1,0,20,20,0,0,0
651,651,650,652,651,652,0,0,0,0,0,0,0,0,1.0,1,1,0,20,20,0,0,0
652,652,651,653,652,653,0,0,0,0,0,0,0,0,1.0,1,1,0,20,20,0,0,0
653,653,652,654,653,654,0,0,0,0,0,0,0,0,1.0,1,1,0,20,20,0,0,0
654,654,653,655,654,655,0,0,0,0,0,0,0,0,1.0,1,1,0,20,20,0,0,0
655,655,654,656,655,656,0,0,0,0,0,0,0,0,1.0,1,1,0,20,20,0,0,0
656,656,655,657,656,657,0,0,0,0,0,0,0,0,1.0,1,1,0,20,20,0,0,0
657,657,656,658,657,658,0,0,0,0,0,0,0,0,1.0,1,1,0,20,20,0,0,0
658,658,657,659,658,659,0,0,0,0,0,0,0,0,1.0,1,1,0,20,20,0,0,0
659,659,658,660,659,660,0,0,0,0,0,0,0,0,1.0,1,1,0,20,20,0,0,0
660,660,659,661,660,661,0,0,0,0,0,0,0,0,1.0,1,1,0,20,20,0,0,0
661,661,660,662,661,662,0,0,0,0,0,0,0,0,1.0,1,1,0,20,20,0,0,0
662,662,661,663,662,663,0,0,0,0,0,0,0,0,1.0,1,1,0,20,20,0,0,0
663,663,662,664,663,664,0,0,0,0,0,0,0,0,1.0,1,1,0,20,20,0,0,0
664,664,663,665,664,665,0,0,0,0,0,0,0,0,1.0,1,1,0,20,20,0,0,0
665,665,664,666,665,666,0,0,0,0,0,0,0,0,1.0,1,1,0,20,20,0,0,0
666,666,665,667,666,667,0,0,0,0,0,0,0,0,1.0,1,1,0,20,20,0,0,0
667,667,666,668,667,668,0,0,0,0,0,0,0,0,1.0,1,1,0,20,20,0,0,0
668,668,667,669,668,669,0,0,0,0,0,0,0,0,1.0,1,1,0,20,20,0,0,0
669,669,668,670,669,670,0,0,0,0,0,0,0,0,1.0,1,1,0,20,20,0,0,0
670,670,669,671,670,671,0,0,0,0,0,0,0,0,1.0,1,1,0,20,20,0,0,0
671,671,670,672,671,672,0,0,0,0,0,0,0,0,1.0,1,1,0,20,20,0,0,0
672,672,671,673,672,673,0,0,0,0,0,0,0,0,1.0,1,1,0,20,20,0,0,0
673,673,672,674,673,674,0,0,0,0,0,0,0,0,1.0,1,1,0,20,20,0,0,0
674,674,673,675,674,675,0,0,0,0,0,0,0,0,1.0,1,1,0,20,20,0,0,0
675,675,674,676,675,676,0,0,0,0,0,0,0,0,1.0,1,1,0,20,20,0,0,0
676,676,675,677,676,677,0,0,0,0,0,0,0,0,1.0,1,1,0,20,20,0,0,0
677,677,676,678,677,678,0,0,0,0,0,0,0,0,1.0,1,1,0,20,20,0,0,0
678,678,677,679,678,679,0,0,0,0,0,0,0,0,1.0,1,1,0,20,20,0,0,0
679,679,678,680,679,680,0,0,0,0,0,0,0,0,1.0,1,1,0,20,20,0,0,0
680,680,679,681,680,681,0,0,0,0,0,0,0,0,1.0,1,1,0,20,20,0,0,0
681,681,680,682,681,682,0,0,0,0,0,0,0,0,1.0,1,1,0,20,20,0,0,0
682,682,681,683,682,683,0,0,0,0,0,0,0,0,1.0,1,1,0,20,20,0,0,0
683,683,682,684,683,684,0,0,0,0,0,0,0,0,1.0,1,1,0,20,20,0,0,0
684,684,683,685,684,685,0,0,0,0,0,0,0,0,1.0,1,1,0,20,20,0,0,0
685,685,684,686,685,686,0,0,0,0,0,0,0,0,1.0,1,1,0,20,20,0,0,0
686,686,685,687,686,687,0,0,0,0,0,0,0,0,1.0,1,1,0,20,20,0,0,0
687,687,686,688,687,688,0,0,0,0,0,0,0,0,1.0,1,1,0,20,20,0,0,0
688,688,687,689,688,689,0,0,0,0,0,0,0,0,1.0,1,1,0,20,20,0,0,0
689,689,688,690,689,690,0,0,0,0,0,0,0,0,1.0,1,1,0,20,20,0,0,0
690,690,689,691,690,691,0,0,0,0,0,0,0,0,1.0,1,1,0,20,20,0,0,0
691,691,690,692,691,692,0,0,0,0,0,0,0,0,1.0,1,1,0,20,20,0,0,0
692,692,691,693,692,693,0,0,0,0,0,0,0,0,1.0,1,1,0,20,20,0,0,0
693,693,692,694,693,694,0,0,0,0,0,0,0,0,1.0,1,1,0,20,20,0,0,0
694,694,693,695,694,695,0,0,0,0,0,0,0,0,1.0,1,1,0,20,20,0,0,0
695,695,694,696,695,696,0,0,0,0,0,0,0,0,1.0,1,1,0,20,20,0,0,0
696,696,695,697,696,697,0,0,0,0,0,0,0,0,1.0,1,1,0,20,20,0,0,0
697,697,696,698,697,698,0,0,0,0,0,0,0,0,1.0,1,1,0,20,20,0,0,0
698,698,697,699,698,699,0,0,0,0,0,0,0,0,1.0,1,1,0,20,20,0,0,0
699,699,698,700,699,700,0,0,0,0,0,0,0,0,1.0,1,1,0,20,20,0,0,0
700,700,699,701,700,701,0,0,0,0,0,0,0,0,1.0,1,1,0,20,20,0,0,0
701,701,700,702,701,702,0,0,0,0,0,0,0,0,1.0,1,1,0,20,20,0,0,0
702,702,701,703,702,703,0,0,0,0,0,0,0,0,1.0,1,1,0,20,20,0,0,0
703,703,702,704,703,704,0,0,0,0,0,0,0,0,1.0,1,1,0,20,20,0,0,0
704,704,703,705,704,705,0,0,0,0,0,0,0,0,1.0,1,1,0,20,20,0,0,0
705,705,704,706,705,706,0,0,0,0,0,0,0,0,1.0,1,1,0,20,20,0,0,0
706,706,705,707,706,707,0,0,0,0,0,0,0,0,1.0,1,1,0,20,20,0,0,0
707,707,706,708,707,708,0,0,0,0,0,0,0,0,1.0,1,1,0,20,20,0,0,0
708,708,707,709,708,709,0,0,0,0,0,0,0,0,1.0,1,1,0,20,20,0,0,0
709,709,708,710,709,710,0,0,0,0,0,0,0,0,1.0,1,1,0,20,20,0,0,0
710,710,709,711,710,711,0,0,0,0,0,0,0,0,1.0,1,1,0,20,20,0,0,0
711,711,710,712,711,712,0,0,0,0,0,0,0,0,1.0,1,1,0,20,20,0,0,0
712,712,711,713,712,713,0,0,0,0,0,0,0,0,1.0,1,1,0,20,20,0,0,0
713,713,712,714,713,714,0,0,0,0,0,0,0,0,1.0,1,1,0,20,20,0,0,0
714,714,713,715,714,715,0,0,0,0,0,0,0,0,1.0,1,1,0,20,20,0,0,0
715,715,714,716,715,716,0,0,0,0,0,0,0,0,1.0,1,1,0,20,20,0,0,0
716,716,715,717,716,717,0,0,0,0,0,0,0,0,1.0,1,1,0,20,20,0,0,0
717,717,716,718,717,718,0,0,0,0,0,0,0,0,1.0,1,1,0,20,20,0,0,0
718,718,717,719,718,719,0,0,0,0,0,0,0,0,1.0,1,1,0,20,20,0,0,0
719,719,718,720,719,720,0,0,0,0,0,0,0,0,1.0,1,1,0,20,20,0,0,0
720,720,719,721,720,721,0,0,0,0,0,0,0,0,1.0,1,1,0,20,20,0,0,0
721,721,720,722,721,722,0,0,0,0,0,0,0,0,1.0,1,1,0,20,20,0,0,0
722,722,721,723,722,723,0,0,0,0,0,0,0,0,1.0,1,1,0,20,20,0,0,0
723,723,722,724,723,724,0,0,0,0,0,0,0,0,1.0,1,1,0,20,20,0,0,0
724,724,723,725,724,725,0,0,0,0,0,0,0,0,1.0,1,1,0,20,20,0,0,0
725,725,724,726,725,726,0,0,0,0,0,0,0,0,1.0,1,1,0,20,20,0,0,0
726,726,725,727,726,727,0,0,0,0,0,0,0,0,1.0,1,1,0,20,20,0,0,0
727,727,726,728,727,728,0,0,0,0,0,0,0,0,1.0,1,1,0,20,20,0,0,0
728,728,727,729,728,729,0,0,0,0,0,0,0,0,1.0,1,1,0,20,20,0,0,0
729,729,728,730,729,730,0,0,0,0,0,0,0,0,1.0,1,1,0,20,20,0,0,0
730,730,729,731,730,731,0,0,0,0,0,0,0,0,1.0,1,1,0,20,20,0,0,0
731,731,730,732,731,732,0,0,0,0,0,0,0,0,1.0,1,1,0,20,20,0,0,0
732,732,731,733,732,733,0,0,0,0,0,0,0,0,1.0,1,1,0,20,20,0,0,0
733,733,732,734,733,734,0,0,0,0,0,0,0,0,1.0,1,1,0,20,20,0,0,0
734,734,733,735,734,735,0,0,0,0,0,0,0,0,1.0,1,1,0,20,20,0,0,0
735,735,734,736,735,736,0,0,0,0,0,0,0,0,1.0,1,1,0,20,20,0,0,0
736,736,735,737,736,737,0,0,0,0,0,0,0,0,1.0,1,1,0,20,20,0,0,0
737,737,736,738,737,738,0,0,0,0,0,0,0,0,1.0,1,1,0,20,20,0,0,0
738,738,737,739,738,739,0,0,0,0,0,0,0,0,1.0,1,1,0,20,20,0,0,0
739,739,738,740,739,740,0,0,0,0,0,0,0,0,1.0,1,1,0,20,20,0,0,0
740,740,739,741,740,741,0,0,0,0,0,0,0,0,1.0,1,1,0,20,20,0,0,0
741,741,740,742,741,742,0,0,0,0,0,0,0,0,1.0,1,1,0,20,20,0,0,0
742,742,741,743,742,743,0,0,0,0,0,0,0,0,1.0,1,1,0,20,20,0,0,0
743,743,742,744,743,744,0,0,0,0,0,0,0,0,1.0,1,1,0,20,20,0,0,0
744,744,743,745,744,745,0,0,0,0,0,0,0,0,1.0,1,1,0,20,20,0,0,0
745,745,744,746,745,746,0,0,0,0,0,0,0,0,1.0,1,1,0,20,20,0,0,0
746,746,745,747,746,747,0,0,0,0,0,0,0,0,1.0,1,1,0,20,20,0,0,0
747,747,746,748,747,748,0,0,0,0,0,0,0,0,1.0,1,1,0,20,20,0,0,0
748,748,747,749,748,749,0,0,0,0,0,0,0,0,1.0,1,1,0,20,20,0,0,0
749,749,748,750,749,750,0,0,0,0,0,0,0,0,1.0,1,1,0,20,20,0,0,0
750,750,749,751,750,751,0,0,0,0,0,0,0,0,1.0,1,1,0,20,20,0,0,0
751,751,750,752,751,752,0,0,0,0,0,0,0,0,1.0,1,1,0,20,20,0,0,0
752,752,751,753,752,753,0,0,0,0,0,0,0,0,1.0,1,1,0,20,20,0,0,0
753,753,752,754,753,754,0,0,0,0,0,0,0,0,1.0,1,1,0,20,20,0,0,0
754,754,753,755,754,755,0,0,0,0,0,0,0,0,1.0,1,1,0,20,20,0,0,0
755,755,754,756,755,756,0,0,0,0,0,0,0,0,1.0,1,1,0,20,20,0,0,0
756,756,755,757,756,757,0,0,0,0,0,0,0,0,1.0,1,1,0,20,20,0,0,0
757,757,756,758,757,758,0,0,0,0,0,0,0,0,1.0,1,1,0,20,20,0,0,0
758,758,757,759,758,759,0,0,0,0,0,0,0,0,1.0,1,1,0,20,20,0,0,0
759,759,758,760,759,760,0,0,0,0,0,0,0,0,1.0,1,1,0,20,20,0,0,0
760,760,759,761,760,761,0,0,0,0,0,0,0,0,1.0,1,1,0,20,20,0,0,0
761,761,760,762,761,762,0,0,0,0,0,0,0,0,1.0,1,1,0,20,20,0,0,0
762,762,761,763,762,763,0,0,0,0,0,0,0,0,1.0,1,1,0,20,20,0,0,0
763,763,762,764,763,764,0,0,0,0,0,0,0,0,1.0,1,1,0,20,20,0,0,0
764,764,763,765,764,765,0,0,0,0,0,0,0,0,1.0,1,1,0,20,20,0,0,0
765,765,764,766,765,766,0,0,0,0,0,0,0,0,1.0,1,1,0,20,20,0,0,0
766,766,765,767,766,767,0,0,0,0,0,0,0,0,1.0,1,1,0,20,20,0,0,0
767,767,766,768,767,768,0,0,0,0,0,0,0,0,1.0,1,1,0,20,20,0,0,0
768,768,767,769,768,769,0,0,0,0,0,0,0,0,1.0,1,1,0,20,20,0,0,0
769,769,768,770,769,770,0,0,0,0,0,0,0,0,1.0,1,1,0,20,20,0,0,0
770,770,769,771,770,771,0,0,0,0,0,0,0,0,1.0,1,1,0,20,20,0,0,0
771,771,770,772,771,772,0,0,0,0,0,0,0,0,1.0,1,1,0,20,20,0,0,0
772,772,771,773,772,773,0,0,0,0,0,0,0,0,1.0,1,1,0,20,20,0,0,0
773,773,772,774,773,774,0,0,0,0,0,0,0,0,1.0,1,1,0,20,20,0,0,0
774,774,773,775,774,775,0,0,0,0,0,0,0,0,1.0,1,1,0,20,20,0,0,0
775,775,774,776,775,776,0,0,0,0,0,0,0,0,1.0,1,1,0,20,20,0,0,0
776,776,775,777,776,777,0,0,0,0,0,0,0,0,1.0,1,1,0,20,20,0,0,0
777,777,776,778,777,778,0,0,0,0,0,0,0,0,1.0,1,1,0,20,20,0,0,0
778,778,777,779,778,779,0,0,0,0,0,0,0,0,1.0,1,1,0,20,20,0,0,0
779,779,778,780,779,780,0,0,0,0,0,0,0,0,1.0,1,1,0,20,20,0,0,0
780,780,779,781,780,781,0,0,0,0,0,0,0,0,1.0,1,1,0,20,20,0,0,0
781,781,780,782,781,782,0,0,0,0,0,0,0,0,1.0,1,1,0,20,20,0,0,0
782,782,781,783,782,783,0,0,0,0,0,0,0,0,1.0,1,1,0,20,20,0,0,0
783,783,782,784,783,784,0,0,0,0,0,0,0,0,1.0,1,1,0,20,20,0,0,0
784,784,783,785,784,785,0,0,0,0,0,0,0,0,1.0,1,1,0,20,20,0,0,0
785,785,784,786,785,786,0,0,0,0,0,0,0,0,1.0,1,1,0,20,20,0,0,0
786,786,785,787,786,787,0,0,0,0,0,0,0,0,1.0,1,1,0,20,20,0,0,0
787,787,786,788,787,788,0,0,0,0,0,0,0,0,1.0,1,1,0,20,20,0,0,0
788,788,787,789,788,789,0,0,0,0,0,0,0,0,1.0,1,1,0,20,20,0,0,0
789,789,788,790,789,790,0,0,0,0,0,0,0,0,1.0,1,1,0,20,20,0,0,0
790,790,789,791,790,791,0,0,0,0,0,0,0,0,1.0,1,1,0,20,20,0,0,0
791,791,790,792,791,792,0,0,0,0,0,0,0,0,1.0,1,1,0,20,20,0,0,0
792,792,791,793,792,793,0,0,0,0,0,0,0,0,1.0,1,1,0,20,20,0,0,0
793,793,792,794,793,794,0,0,0,0,0,0,0,0,1.0,1,1,0,20,20,0,0,0
794,794,793,795,794,795,0,0,0,0,0,0,0,0,1.0,1,1,0,20,20,0,0,0
795,795,794,796,795,796,0,0,0,0,0,0,0,0,1.0,1,1,0,20,20,0,0,0
796,796,795,797,796,797,0,0,0,0,0,0,0,0,1.0,1,1,0,20,20,0,0,0
797,797,796,798,797,798,0,0,0,0,0,0,0,0,1.0,1,1,0,20,20,0,0,0
798,798,797,799,798,799,0,0,0,0,0,0,0,0,1.0,1,1,0,20,20,0,0,0
799,799,798,800,799,800,0,0,0,0,0,0,0,0,1.0,1,1,0,20,20,0,0,0
800,800,799,801,800,801,0,0,0,0,0,0,0,0,1.0,1,1,0,20,20,0,0,0
801,801,800,802,801,802,0,0,0,0,0,0,0,0,1.0,1,1,0,20,20,0,0,0
802,802,801,803,802,803,0,0,0,0,0,0,0,0,1.0,1,1,0,20,20,0,0,0
803,803,802,804,803,804,0,0,0,0,0,0,0,0,1.0,1,1,0,20,20,0,0,0
804,804,803,805,804,805,0,0,0,0,0,0,0,0,1.0,1,1,0,20,20,0,0,0
805,805,804,806,805,806,0,0,0,0,0,0,0,0,1.0,1,1,0,20,20,0,0,0
806,806,805,807,806,807,0,0,0,0,0,0,0,0,1.0,1,1,0,20,20,0,0,0
807,807,806,808,807,808,0,0,0,0,0,0,0,0,1.0,1,1,0,20,20,0,0,0
808,808,807,809,808,809,0,0,0,0,0,0,0,0,1.0,1,1,0,20,20,0,0,0
809,809,808,810,809,810,0,0,0,0,0,0,0,0,1.0,1,1,0,20,20,0,0,0
810,810,809,811,810,811,0,0,0,0,0,0,0,0,1.0,1,1,0,20,20,0,0,0
811,811,810,812,811,812,0,0,0,0,0,0,0,0,1.0,1,1,0,20,20,0,0,0
812,812,811,813,812,813,0,0,0,0,0,0,0,0,1.0,1,1,0,20,20,0,0,0
813,813,812,814,813,814,0,0,0,0,0,0,0,0,1.0,1,1,0,20,20,0,0,0
814,814,813,815,814,815,0,0,0,0,0,0,0,0,1.0,1,1,0,20,20,0,0,0
815,815,814,816,815,816,0,0,0,0,0,0,0,0,1.0,1,1,0,20,20,0,0,0
816,816,815,817,816,817,0,0,0,0,0,0,0,0,1.0,1,1,0,20,20,0,0,0
817,817,816,818,817,818,0,0,0,0,0,0,0,0,1.0,1,1,0,20,20,0,0,0
818,818,817,819,818,819,0,0,0,0,0,0,0,0,1.0,1,1,0,20,20,0,0,0
819,819,818,820,819,820,0,0,0,0,0,0,0,0,1.0,1,1,0,20,20,0,0,0
820,820,819,821,820,821,0,0,0,0,0,0,0,0,1.0,1,1,0,20,20,0,0,0
821,821,820,822,821,822,0,0,0,0,0,0,0,0,1.0,1,1,0,20,20,0,0,0
822,822,821,823,822,823,0,0,0,0,0,0,0,0,1.0,1,1,0,20,20,0,0,0
823,823,822,824,823,824,0,0,0,0,0,0,0,0,1.0,1,1,0,20,20,0,0,0
824,824,823,825,824,825,0,0,0,0,0,0,0,0,1.0,1,1,0,20,20,0,0,0
825,825,824,826,825,826,0,0,0,0,0,0,0,0,1.0,1,1,0,20,20,0,0,0
826,826,825,827,826,827,0,0,0,0,0,0,0,0,1.0,1,1,0,20,20,0,0,0
827,827,826,828,827,828,0,0,0,0,0,0,0,0,1.0,1,1,0,20,20,0,0,0
828,828,827,829,828,829,0,0,0,0,0,0,0,0,1.0,1,1,0,20,20,0,0,0
829,829,828,830,829,830,0,0,0,0,0,0,0,0,1.0,1,1,0,20,20,0,0,0
830,830,829,831,830,831,0,0,0,0,0,0,0,0,1.0,1,1,0,20,20,0,0,0
831,831,830,832,831,832,0,0,0,0,0,0,0,0,1.0,1,1,0,20,20,0,0,0
832,832,831,833,832,833,0,0,0,0,0,0,0,0,1.0,1,1,0,20,20,0,0,0
833,833,832,834,833,834,0,0,0,0,0,0,0,0,1.0,1,1,0,20,20,0,0,0
834,834,833,835,834,835,0,0,0,0,0,0,0,0,1.0,1,1,0,20,20,0,0,0
835,835,834,836,835,836,0,0,0,0,0,0,0,0,1.0,1,1,0,20,20,0,0,0
836,836,835,837,836,837,0,0,0,0,0,0,0,0,1.0,1,1,0,20,20,0,0,0
837,837,836,838,837,838,0,0,0,0,0,0,0,0,1.0,1,1,0,20,20,0,0,0
838,838,837,839,838,839,0,0,0,0,0,0,0,0,1.0,1,1,0,20,20,0,0,0
839,839,838,840,839,840,0,0,0,0,0,0,0,0,1.0,1,1,0,20,20,0,0,0
840,840,839,841,840,841,0,0,0,0,0,0,0,0,1.0,1,1,0,20,20,0,0,0
841,841,840,842,841,842,0,0,0,0,0,0,0,0,1.0,1,1,0,20,20,0,0,0
842,842,841,843,842,843,0,0,0,0,0,0,0,0,1.0,1,1,0,20,20,0,0,0
843,843,842,844,843,844,0,0,0,0,0,0,0,0,1.0,1,1,0,20,20,0,0,0
844,844,843,845,844,845,0,0,0,0,0,0,0,0,1.0,1,1,0,20,20,0,0,0
845,845,844,846,845,846,0,0,0,0,0,0,0,0,1.0,1,1,0,20,20,0,0,0
846,846,845,847,846,847,0,0,0,0,0,0,0,0,1.0,1,1,0,20,20,0,0,0
847,847,846,848,847,848,0,0,0,0,0,0,0,0,1.0,1,1,0,20,20,0,0,0
848,848,847,849,848,849,0,0,0,0,0,0,0,0,1.0,1,1,0,20,20,0,0,0
849,849,848,850,849,850,0,0,0,0,0,0,0,0,1.0,1,1,0,20,20,0,0,0
850,850,849,851,850,851,0,0,0,0,0,0,0,0,1.0,1,1,0,20,20,0,0,0
851,851,850,852,851,852,0,0,0,0,0,0,0,0,1.0,1,1,0,20,20,0,0,0
852,852,851,853,852,853,0,0,0,0,0,0,0,0,1.0,1,1,0,20,20,0,0,0
853,853,852,854,853,854,0,0,0,0,0,0,0,0,1.0,1,1,0,20,20,0,0,0
854,854,853,855,854,855,0,0,0,0,0,0,0,0,1.0,1,1,0,20,20,0,0,0
855,855,854,856,855,856,0,0,0,0,0,0,0,0,1.0,1,1,0,20,20,0,0,0
856,856,855,857,856,857,0,0,0,0,0,0,0,0,1.0,1,1,0,20,20,0,0,0
857,857,856,858,857,858,0,0,0,0,0,0,0,0,1.0,1,1,0,20,20,0,0,0
858,858,857,859,858,859,0,0,0,0,0,0,0,0,1.0,1,1,0,20,20,0,0,0
859,859,858,860,859,860,0,0,0,0,0,0,0,0,1.0,1,1,0,20,20,0,0,0
860,860,859,861,860,861,0,0,0,0,0,0,0,0,1.0,1,1,0,20,20,0,0,0
861,861,860,862,861,862,0,0,0,0,0,0,0,0,1.0,1,1,0,20,20,0,0,0
862,862,861,863,862,863,0,0,0,0,0,0,0,0,1.0,1,1,0,20,20,0,0,0
863,863,862,864,863,864,0,0,0,0,0,0,0,0,1.0,1,1,0,20,20,0,0,0
864,864,863,865,864,865,0,0,0,0,0,0,0,0,1.0,1,1,0,20,20,0,0,0
865,865,864,866,865,866,0,0,0,0,0,0,0,0,1.0,1,1,0,20,20,0,0,0
866,866,865,867,866,867,0,0,0,0,0,0,0,0,1.0,1,1,0,20,20,0,0,0
867,867,866,868,867,868,0,0,0,0,0,0,0,0,1.0,1,1,0,20,20,0,0,0
868,868,867,869,868,869,0,0,0,0,0,0,0,0,1.0,1,1,0,20,20,0,0,0
869,869,868,870,869,870,0,0,0,0,0,0,0,0,1.0,1,1,0,20,20,0,0,0
870,870,869,871,870,871,0,0,0,0,0,0,0,0,1.0,1,1,0,20,20,0,0,0
871,871,870,872,871,872,0,0,0,0,0,0,0,0,1.0,1,1,0,20,20,0,0,0
872,872,871,873,872,873,0,0,0,0,0,0,0,0,1.0,1,1,0,20,20,0,0,0
873,873,872,874,873,874,0,0,0,0,0,0,0,0,1.0,1,1,0,20,20,0,0,0
874,874,873,875,874,875,0,0,0,0,0,0,0,0,1.0,1,1,0,20,20,0,0,0
875,875,874,876,875,876,0,0,0,0,0,0,0,0,1.0,1,1,0,20,20,0,0,0
876,876,875,877,876,877,0,0,0,0,0,0,0,0,1.0,1,1,0,20,20,0,0,0
877,877,876,878,877,878,0,0,0,0,0,0,0,0,1.0,1,1,0,20,20,0,0,0
878,878,877,879,878,879,0,0,0,0,0,0,0,0,1.0,1,1,0,20,20,0,0,0
879,879,878,880,879,880,0,0,0,0,0,0,0,0,1.0,1,1,0,20,20,0,0,0
880,880,879,881,880,881,0,0,0,0,0,0,0,0,1.0,1,1,0,20,20,0,0,0
881,881,880,882,881,882,0,0,0,0,0,0,0,0,1.0,1,1,0,20,20,0,0,0
882,882,881,883,882,883,0,0,0,0,0,0,0,0,1.0,1,1,0,20,20,0,0,0
883,883,882,884,883,884,0,0,0,0,0,0,0,0,1.0,1,1,0,20,20,0,0,0
884,884,883,885,884,885,0,0,0,0,0,0,0,0,1.0,1,1,0,20,20,0,0,0
885,885,884,886,885,886,0,0,0,0,0,0,0,0,1.0,1,1,0,20,20,0,0,0
886,886,885,887,886,887,0,0,0,0,0,0,0,0,1.0,1,1,0,20,20,0,0,0
887,887,886,888,887,888,0,0,0,0,0,0,0,0,1.0,1,1,0,20,20,0,0,0
888,888,887,889,888,889,0,0,0,0,0,0,0,0,1.0,1,1,0,20,20,0,0,0
889,889,888,890,889,890,0,0,0,0,0,0,0,0,1.0,1,1,0,20,20,0,0,0
890,890,889,891,890,891,0,0,0,0,0,0,0,0,1.0,1,1,0,20,20,0,0,0
891,891,890,892,891,892,0,0,0,0,0,0,0,0,1.0,1,1,0,20,20,0,0,0
892,892,891,893,892,893,0,0,0,0,0,0,0,0,1.0,1,1,0,20,20,0,0,0
893,893,892,894,893,894,0,0,0,0,0,0,0,0,1.0,1,1,0,20,20,0,0,0
894,894,893,895,894,895,0,0,0,0,0,0,0,0,1.0,1,1,0,20,20,0,0,0
895,895,894,896,895,896,0,0,0,0,0,0,0,0,1.0,1,1,0,20,20,0,0,0
896,896,895,897,896,897,0,0,0,0,0,0,0,0,1.0,1,1,0,20,20,0,0,0
897,897,896,898,897,898,0,0,0,0,0,0,0,0,1.0,1,1,0,20,20,0,0,0
898,898,897,899,898,899,0,0,0,0,0,0,0,0,1.0,1,1,0,20,20,0,0,0
899,899,898,900,899,900,0,0,0,0,0,0,0,0,1.0,1,1,0,20,20,0,0,0
900,900,899,901,900,901,0,0,0,0,0,0,0,0,1.0,1,1,0,20,20,0,0,0
901,901,900,902,901,902,0,0,0,0,0,0,0,0,1.0,1,1,0,20,20,0,0,0
902,902,901,903,902,903,0,0,0,0,0,0,0,0,1.0,1,1,0,20,20,0,0,0
903,903,902,904,903,904,0,0,0,0,0,0,0,0,1.0,1,1,0,20,20,0,0,0
904,904,903,905,904,905,0,0,0,0,0,0,0,0,1.0,1,1,0,20,20,0,0,0
905,905,904,906,905,906,0,0,0,0,0,0,0,0,1.0,1,1,0,20,20,0,0,0
906,906,905,907,906,907,0,0,0,0,0,0,0,0,1.0,1,1,0,20,20,0,0,0
907,907,906,908,907,908,0,0,0,0,0,0,0,0,1.0,1,1,0,20,20,0,0,0
908,908,907,909,908,909,0,0,0,0,0,0,0,0,1.0,1,1,0,20,20,0,0,0
909,909,908,910,909,910,0,0,0,0,0,0,0,0,1.0,1,1,0,20,20,0,0,0
910,910,909,911,910,911,0,0,0,0,0,0,0,0,1.0,1,1,0,20,20,0,0,0
911,911,910,912,911,912,0,0,0,0,0,0,0,0,1.0,1,1,0,20,20,0,0,0
912,912,911,913,912,913,0,0,0,0,0,0,0,0,1.0,1,1,0,20,20,0,0,0
913,913,912,914,913,914,0,0,0,0,0,0,0,0,1.0,1,1,0,20,20,0,0,0
914,914,913,915,914,915,0,0,0,0,0,0,0,0,1.0,1,1,0,20,20,0,0,0
915,915,914,916,915,916,0,0,0,0,0,0,0,0,1.0,1,1,0,20,20,0,0,0
916,916,915,917,916,917,0,0,0,0,0,0,0,0,1.0,1,1,0,20,20,0,0,0
917,917,916,918,917,918,0,0,0,0,0,0,0,0,1.0,1,1,0,20,20,0,0,0
918,918,917,919,918,919,0,0,0,0,0,0,0,0,1.0,1,1,0,20,20,0,0,0
919,919,918,920,919,920,0,0,0,0,0,0,0,0,1.0,1,1,0,20,20,0,0,0
920,920,919,921,920,921,0,0,0,0,0,0,0,0,1.0,1,1,0,20,20,0,0,0
921,921,920,922,921,922,0,0,0,0,0,0,0,0,1.0,1,1,0,20,20,0,0,0
922,922,921,923,922,923,0,0,0,0,0,0,0,0,1.0,1,1,0,20,20,0,0,0
923,923,922,924,923,924,0,0,0,0,0,0,0,0,1.0,1,1,0,20,20,0,0,0
924,924,923,925,924,925,0,0,0,0,0,0,0,0,1.0,1,1,0,20,20,0,0,0
925,925,924,926,925,926,0,0,0,0,0,0,0,0,1.0,1,1,0,20,20,0,0,0
926,926,925,927,926,927,0,0,0,0,0,0,0,0,1.0,1,1,0,20,20,0,0,0
927,927,926,928,927,928,0,0,0,0,0,0,0,0,1.0,1,1,0,20,20,0,0,0
928,928,927,929,928,929,0,0,0,0,0,0,0,0,1.0,1,1,0,20,20,0,0,0
929,929,928,930,929,930,0,0,0,0,0,0,0,0,1.0,1,1,0,20,20,0,0,0
930,930,929,931,930,931,0,0,0,0,0,0,0,0,1.0,1,1,0,20,20,0,0,0
931,931,930,932,931,932,0,0,0,0,0,0,0,0,1.0,1,1,0,20,20,0,0,0
932,932,931,933,932,933,0,0,0,0,0,0,0,0,1.0,1,1,0,20,20,0,0,0
933,933,932,934,933,934,0,0,0,0,0,0,0,0,1.0,1,1,0,20,20,0,0,0
934,934,933,935,934,935,0,0,0,0,0,0,0,0,1.0,1,1,0,20,20,0,0,0
935,935,934,936,935,936,0,0,0,0,0,0,0,0,1.0,1,1,0,20,20,0,0,0
936,936,935,937,936,937,0,0,0,0,0,0,0,0,1.0,1,1,0,20,20,0,0,0
937,937,936,938,937,938,0,0,0,0,0,0,0,0,1.0,1,1,0,20,20,0,0,0
938,938,937,939,938,939,0,0,0,0,0,0,0,0,1.0,1,1,0,20,20,0,0,0
939,939,938,940,939,940,0,0,0,0,0,0,0,0,1.0,1,1,0,20,20,0,0,0
940,940,939,941,940,941,0,0,0,0,0,0,0,0,1.0,1,1,0,20,20,0,0,0
941,941,940,942,941,942,0,0,0,0,0,0,0,0,1.0,1,1,0,20,20,0,0,0
942,942,941,943,942,943,0,0,0,0,0,0,0,0,1.0,1,1,0,20,20,0,0,0
943,943,942,944,943,944,0,0,0,0,0,0,0,0,1.0,1,1,0,20,20,0,0,0
944,944,943,945,944,945,0,0,0,0,0,0,0,0,1.0,1,1,0,20,20,0,0,0
945,945,944,946,945,946,0,0,0,0,0,0,0,0,1.0,1,1,0,20,20,0,0,0
946,946,945,947,946,947,0,0,0,0,0,0,0,0,1.0,1,1,0,20,20,0,0,0
947,947,946,948,947,948,0,0,0,0,0,0,0,0,1.0,1,1,0,20,20,0,0,0
948,948,947,949,948,949,0,0,0,0,0,0,0,0,1.0,1,1,0,20,20,0,0,0
949,949,948,950,949,950,0,0,0,0,0,0,0,0,1.0,1,1,0,20,20,0,0,0
950,950,949,951,950,951,0,0,0,0,0,0,0,0,1.0,1,1,0,20,20,0,0,0
951,951,950,952,951,952,0,0,0,0,0,0,0,0,1.0,1,1,0,20,20,0,0,0
952,952,951,953,952,953,0,0,0,0,0,0,0,0,1.0,1,1,0,20,20,0,0,0
953,953,952,954,953,954,0,0,0,0,0,0,0,0,1.0,1,1,0,20,20,0,0,0
954,954,953,955,954,955,0,0,0,0,0,0,0,0,1.0,1,1,0,20,20,0,0,0
955,955,954,956,955,956,0,0,0,0,0,0,0,0,1.0,1,1,0,20,20,0,0,0
956,956,955,957,956,957,0,0,0,0,0,0,0,0,1.0,1,1,0,20,20,0,0,0
957,957,956,958,957,958,0,0,0,0,0,0,0,0,1.0,1,1,0,20,20,0,0,0
958,958,957,959,958,959,0,0,0,0,0,0,0,0,1.0,1,1,0,20,20,0,0,0
959,959,958,960,959,960,0,0,0,0,0,0,0,0,1.0,1,1,0,20,20,0,0,0
960,960,959,961,960,961,0,0,0,0,0,0,0,0,1.0,1,1,0,20,20,0,0,0
961,961,960,962,961,962,0,0,0,0,0,0,0,0,1.0,1,1,0,20,20,0,0,0
962,962,961,963,962,963,0,0,0,0,0,0,0,0,1.0,1,1,0,20,20,0,0,0
963,963,962,964,963,964,0,0,0,0,0,0,0,0,1.0,1,1,0,20,20,0,0,0
964,964,963,965,964,965,0,0,0,0,0,0,0,0,1.0,1,1,0,20,20,0,0,0
965,965,964,966,965,966,0,0,0,0,0,0,0,0,1.0,1,1,0,20,20,0,0,0
966,966,965,967,966,967,0,0,0,0,0,0,0,0,1.0,1,1,0,20,20,0,0,0
967,967,966,968,967,968,0,0,0,0,0,0,0,0,1.0,1,1,0,20,20,0,0,0
968,968,967,969,968,969,0,0,0,0,0,0,0,0,1.0,1,1,0,20,20,0,0,0
969,969,968,970,969,970,0,0,0,0,0,0,0,0,1.0,1,1,0,20,20,0,0,0
970,970,969,971,970,971,0,0,0,0,0,0,0,0,1.0,1,1,0,20,20,0,0,0
971,971,970,972,971,972,0,0,0,0,0,0,0,0,1.0,1,1,0,20,20,0,0,0
972,972,971,973,972,973,0,0,0,0,0,0,0,0,1.0,1,1,0,20,20,0,0,0
973,973,972,974,973,974,0,0,0,0,0,0,0,0,1.0,1,1,0,20,20,0,0,0
974,974,973,975,974,975,0,0,0,0,0,0,0,0,1.0,1,1,0,20,20,0,0,0
975,975,974,976,975,976,0,0,0,0,0,0,0,0,1.0,1,1,0,20,20,0,0,0
976,976,975,977,976,977,0,0,0,0,0,0,0,0,1.0,1,1,0,20,20,0,0,0
977,977,976,978,977,978,0,0,0,0,0,0,0,0,1.0,1,1,0,20,20,0,0,0
978,978,977,979,978,979,0,0,0,0,0,0,0,0,1.0,1,1,0,20,20,0,0,0
979,979,978,980,979,980,0,0,0,0,0,0,0,0,1.0,1,1,0,20,20,0,0,0
980,980,979,981,980,981,0,0,0,0,0,0,0,0,1.0,1,1,0,20,20,0,0,0
981,981,980,982,981,982,0,0,0,0,0,0,0,0,1.0,1,1,0,20,20,0,0,0
982,982,981,983,982,983,0,0,0,0,0,0,0,0,1.0,1,1,0,20,20,0,0,0
983,983,982,984,983,984,0,0,0,0,0,0,0,0,1.0,1,1,0,20,20,0,0,0
984,984,983,985,984,985,0,0,0,0,0,0,0,0,1.0,1,1,0,20,20,0,0,0
985,985,984,986,985,986,0,0,0,0,0,0,0,0,1.0,1,1,0,20,20,0,0,0
986,986,985,987,986,987,0,0,0,0,0,0,0,0,1.0,1,1,0,20,20,0,0,0
987,987,986,988,987,988,0,0,0,0,0,0,0,0,1.0,1,1,0,20,20,0,0,0
988,988,987,989,988,989,0,0,0,0,0,0,0,0,1.0,1,1,0,20,20,0,0,0
989,989,988,990,989,990,0,0,0,0,0,0,0,0,1.0,1,1,0,20,20,0,0,0
990,990,989,991,990,991,0,0,0,0,0,0,0,0,1.0,1,1,0,20,20,0,0,0
991,991,990,992,991,992,0,0,0,0,0,0,0,0,1.0,1,1,0,20,20,0,0,0
992,992,991,993,992,993,0,0,0,0,0,0,0,0,1.0,1,1,0,20,20,0,0,0
993,993,992,994,993,994,0,0,0,0,0,0,0,0,1.0,1,1,0,20,20,0,0,0
994,994,993,995,994,995,0,0,0,0,0,0,0,0,1.0,1,1,0,20,20,0,0,0
995,995,994,996,995,996,0,0,0,0,0,0,0,0,1.0,1,1,0,20,20,0,0,0
996,996,995,997,996,997,0,0,0,0,0,0,0,0,1.0,1,1,0,20,20,0,0,0
997,997,996,998,997,998,0,0,0,0,0,0,0,0,1.0,1,1,0,20,20,0,0,0
998,998,997,999,998,999,0,0,0,0,0,0,0,0,1.0,1,1,0,20,20,0,0,0
999,999,998,1000,999,1000,0,0,0,0,0,0,0,0,1.0,1,1,0,20,20,0,0,0
1000,1000,999,1001,1000,1001,0,0,0,0,0,0,0,0,1.0,1,1,0,20,20,0,0,0
1001,1001,1000,1002,1001,1002,0,0,0,0,0,0,0,0,1.0,1,1,0,20,20,0,0,0
1002,1002,1001,1003,1002,1003,0,0,0,0,0,0,0,0,1.0,1,1,0,20,20,0,0,0
1003,1003,1002,1004,1003,1004,0,0,0,0,0,0,0,0,1.0,1,1,0,20,20,0,0,0
1004,1004,1003,1005,1004,1005,0,0,0,0,0,0,0,0,1.0,1,1,0,20,20,0,0,0
1005,1005,1004,1006,1005,1006,0,0,0,0,0,0,0,0,1.0,1,1,0,20,20,0,0,0
1006,1006,1005,1007,1006,1007,0,0,0,0,0,0,0,0,1.0,1,1,0,20,20,0,0,0
1007,1007,1006,1008,1007,1008,0,0,0,0,0,0,0,0,1.0,1,1,0,20,20,0,0,0
1008,1008,1007,1009,1008,1009,0,0,0,0,0,0,0,0,1.0,1,1,0,20,20,0,0,0
1009,1009,1008,1010,1009,1010,0,0,0,0,0,0,0,0,1.0,1,1,0,20,20,0,0,0
1010,1010,1009,1011,1010,1011,0,0,0,0,0,0,0,0,1.0,1,1,0,20,20,0,0,0
1011,1011,1010,1012,1011,1012,0,0,0,0,0,0,0,0,1.0,1,1,0,20,20,0,0,0
1012,1012,1011,1013,1012,1013,0,0,0,0,0,0,0,0,1.0,1,1,0,20,20,0,0,0
1013,1013,1012,1014,1013,1014,0,0,0,0,0,0,0,0,1.0,1,1,0,20,20,0,0,0
1014,1014,1013,1015,1014,1015,0,0,0,0,0,0,0,0,1.0,1,1,0,20,20,0,0,0
1015,1015,1014,1016,1015,1016,0,0,0,0,0,0,0,0,1.0,1,1,0,20,20,0,0,0
1016,1016,1015,1017,1016,1017,0,0,0,0,0,0,0,0,1.0,1,1,0,20,20,0,0,0
1017,1017,1016,1018,1017,1018,0,0,0,0,0,0,0,0,1.0,1,1,0,20,20,0,0,0
1018,1018,1017,1019,1018,1019,0,0,0,0,0,0,0,0,1.0,1,1,0,20,20,0,0,0
1019,1019,1018,1020,1019,1020,0,0,0,0,0,0,0,0,1.0,1,1,0,20,20,0,0,0
1020,1020,1019,1021,1020,1021,0,0,0,0,0,0,0,0,1.0,1,1,0,20,20,0,0,0
1021,1021,1020,1022,1021,1022,0,0,0,0,0,0,0,0,1.0,1,1,0,20,20,0,0,0
1022,1022,1021,1023,1022,1023,0,0,0,0,0,0,0,0,1.0,1,1,0,20,20,0,0,0
1023,1023,1022,1024,1023,1024,0,0,0,0,0,0,0,0,1.0,1,1,0,20,20,0,0,0
1024,1024,1023,1025,1024,1025,0,0,0,0,0,0,0,0,1.0,1,1,0,20,20,0,0,0
1025,1025,1024,1026,1025,1026,0,0,0,0,0,0,0,0,1.0,1,1,0,20,20,0,0,0
1026,1026,1025,1027,1026,1027,0,0,0,0,0,0,0,0,1.0,1,1,0,20,20,0,0,0
1027,1027,1026,1028,1027,1028,0,0,0,0,0,0,0,0,1.0,1,1,0,20,20,0,0,0
1028,1028,1027,1029,1028,1029,0,0,0,0,0,0,0,0,1.0,1,1,0,20,20,0,0,0
1029,1029,1028,1030,1029,1030,0,0,0,0,0,0,0,0,1.0,1,1,0,20,20,0,0,0
1030,1030,1029,1031,1030,1031,0,0,0,0,0,0,0,0,1.0,1,1,0,20,20,0,0,0
1031,1031,1030,1032,1031,1032,0,0,0,0,0,0,0,0,1.0,1,1,0,20,20,0,0,0
1032,1032,1031,1033,1032,1033,0,0,0,0,0,0,0,0,1.0,1,1,0,20,20,0,0,0
1033,1033,1032,1034,1033,1034,0,0,0,0,0,0,0,0,1.0,1,1,0,20,20,0,0,0
1034,1034,1033,1035,1034,1035,0,0,0,0,0,0,0,0,1.0,1,1,0,20,20,0,0,0
1035,1035,1034,1036,1035,1036,0,0,0,0,0,0,0,0,1.0,1,1,0,20,20,0,0,0
1036,1036,1035,1037,1036,1037,0,0,0,0,0,0,0,0,1.0,1,1,0,20,20,0,0,0
1037,1037,1036,1038,1037,1038,0,0,0,0,0,0,0,0,1.0,1,1,0,20,20,0,0,0
1038,1038,1037,1039,1038,1039,0,0,0,0,0,0,0,0,1.0,1,1,0,20,20,0,0,0
1039,1039,1038,1040,1039,1040,0,0,0,0,0,0,0,0,1.0,1,1,0,20,20,0,0,0
1040,1040,1039,1041,1040,1041,0,0,0,0,0,0,0,0,1.0,1,1,0,20,20,0,0,0
1041,1041,1040,1042,1041,1042,0,0,0,0,0,0,0,0,1.0,1,1,0,20,20,0,0,0
1042,1042,1041,1043,1042,1043,0,0,0,0,0,0,0,0,1.0,1,1,0,20,20,0,0,0
1043,1043,1042,1044,1043,1044,0,0,0,0,0,0,0,0,1.0,1,1,0,20,20,0,0,0
1044,1044,1043,1045,1044,1045,0,0,0,0,0,0,0,0,1.0,1,1,0,20,20,0,0,0
1045,1045,1044,1046,1045,1046,0,0,0,0,0,0,0,0,1.0,1,1,0,20,20,0,0,0
1046,1046,1045,1047,1046,1047,0,0,0,0,0,0,0,0,1.0,1,1,0,20,20,0,0,0
1047,1047,1046,1048,1047,1048,0,0,0,0,0,0,0,0,1.0,1,1,0,20,20,0,0,0
1048,1048,1047,1049,1048,1049,0,0,0,0,0,0,0,0,1.0,1,1,0,20,20,0,0,0
1049,1049,1048,1050,1049,1050,0,0,0,0,0,0,0,0,1.0,1,1,0,20,20,0,0,0
1050,1050,1049,1051,1050,1051,0,0,0,0,0,0,0,0,1.0,1,1,0,20,20,0,0,0
1051,1051,1050,1052,1051,1052,0,0,0,0,0,0,0,0,1.0,1,1,0,20,20,0,0,0
1052,1052,1051,1053,1052,1053,0,0,0,0,0,0,0,0,1.0,1,1,0,20,20,0,0,0
1053,1053,1052,1054,1053,1054,0,0,0,0,0,0,0,0,1.0,1,1,0,20,20,0,0,0
1054,1054,1053,1055,1054,1055,0,0,0,0,0,0,0,0,1.0,1,1,0,20,20,0,0,0
1055,1055,1054,1056,1055,1056,0,0,0,0,0,0,0,0,1.0,1,1,0,20,20,0,0,0
1056,1056,1055,1057,1056,1057,0,0,0,0,0,0,0,0,1.0,1,1,0,20,20,0,0,0
1057,1057,1056,1058,1057,1058,0,0,0,0,0,0,0,0,1.0,1,1,0,20,20,0,0,0
1058,1058,1057,1059,1058,1059,0,0,0,0,0,0,0,0,1.0,1,1,0,20,20,0,0,0
1059,1059,1058,1060,1059,1060,0,0,0,0,0,0,0,0,1.0,1,1,0,20,20,0,0,0
1060,1060,1059,1061,1060,1061,0,0,0,0,0,0,0,0,1.0,1,1,0,20,20,0,0,0
1061,1061,1060,1062,1061,1062,0,0,0,0,0,0,0,0,1.0,1,1,0,20,20,0,0,0
1062,1062,1061,1063,1062,1063,0,0,0,0,0,0,0,0,1.0,1,1,0,20,20,0,0,0
1063,1063,1062,1064,1063,1064,0,0,0,0,0,0,0,0,1.0,1,1,0,20,20,0,0,0
1064,1064,1063,1065,1064,1065,0,0,0,0,0,0,0,0,1.0,1,1,0,20,20,0,0,0
1065,1065,1064,1066,1065,1066,0,0,0,0,0,0,0,0,1.0,1,1,0,20,20,0,0,0
1066,1066,1065,1067,1066,1067,0,0,0,0,0,0,0,0,1.0,1,1,0,20,20,0,0,0
1067,1067,1066,1068,1067,1068,0,0,0,0,0,0,0,0,1.0,1,1,0,20,20,0,0,0
1068,1068,1067,1069,1068,1069,0,0,0,0,0,0,0,0,1.0,1,1,0,20,20,0,0,0
1069,1069,1068,1070,1069,1070,0,0,0,0,0,0,0,0,1.0,1,1,0,20,20,0,0,0
1070,1070,1069,1071,1070,1071,0,0,0,0,0,0,0,0,1.0,1,1,0,20,20,0,0,0
1071,1071,1070,1072,1071,1072,0,0,0,0,0,0,0,0,1.0,1,1,0,20,20,0,0,0
1072,1072,1071,1073,1072,1073,0,0,0,0,0,0,0,0,1.0,1,1,0,20,20,0,0,0
1073,1073,1072,1074,1073,1074,0,0,0,0,0,0,0,0,1.0,1,1,0,20,20,0,0,0
1074,1074,1073,1075,1074,1075,0,0,0,0,0,0,0,0,1.0,1,1,0,20,20,0,0,0
1075,1075,1074,1076,1075,1076,0,0,0,0,0,0,0,0,1.0,1,1,0,20,20,0,0,0
1076,1076,1075,1077,1076,1077,0,0,0,0,0,0,0,0,1.0,1,1,0,20,20,0,0,0
1077,1077,1076,1078,1077,1078,0,0,0,0,0,0,0,0,1.0,1,1,0,20,20,0,0,0
1078,1078,1077,1079,1078,1079,0,0,0,0,0,0,0,0,1.0,1,1,0,20,20,0,0,0
1079,1079,1078,1080,1079,1080,0,0,0,0,0,0,0,0,1.0,1,1,0,20,20,0,0,0
1080,1080,1079,1081,1080,1081,0,0,0,0,0,0,0,0,1.0,1,1,0,20,20,0,0,0
1081,1081,1080,1082,1081,1082,0,0,0,0,0,0,0,0,1.0,1,1,0,20,20,0,0,0
1082,1082,1081,1083,1082,1083,0,0,0,0,0,0,0,0,1.0,1,1,0,20,20,0,0,0
1083,1083,1082,1084,1083,1084,0,0,0,0,0,0,0,0,1.0,1,1,0,20,20,0,0,0
1084,1084,1083,1085,1084,1085,0,0,0,0,0,0,0,0,1.0,1,1,0,20,20,0,0,0
1085,1085,1084,1086,1085,1086,0,0,0,0,0,0,0,0,1.0,1,1,0,20,20,0,0,0
1086,1086,1085,1087,1086,1087,0,0,0,0,0,0,0,0,1.0,1,1,0,20,20,0,0,0
1087,1087,1086,1088,1087,1088,0,0,0,0,0,0,0,0,1.0,1,1,0,20,20,0,0,0
1088,1088,1087,1089,1088,1089,0,0,0,0,0,0,0,0,1.0,1,1,0,20,20,0,0,0
1089,1089,1088,1090,1089,1090,0,0,0,0,0,0,0,0,1.0,1,1,0,20,20,0,0,0
1090,1090,1089,1091,1090,1091,0,0,0,0,0,0,0,0,1.0,1,1,0,20,20,0,0,0
1091,1091,1090,1092,1091,1092,0,0,0,0,0,0,0,0,1.0,1,1,0,20,20,0,0,0
1092,1092,1091,1093,1092,1093,0,0,0,0,0,0,0,0,1.0,1,1,0,20,20,0,0,0
1093,1093,1092,1094,1093,1094,0,0,0,0,0,0,0,0,1.0,1,1,0,20,20,0,0,0
1094,1094,1093,1095,1094,1095,0,0,0,0,0,0,0,0,1.0,1,1,0,20,20,0,0,0
1095,1095,1094,1096,1095,1096,0,0,0,0,0,0,0,0,1.0,1,1,0,20,20,0,0,0
1096,1096,1095,1097,1096,1097,0,0,0,0,0,0,0,0,1.0,1,1,0,20,20,0,0,0
1097,1097,1096,1098,1097,1098,0,0,0,0,0,0,0,0,1.0,1,1,0,20,20,0,0,0
1098,1098,1097,1099,1098,1099,0,0,0,0,0,0,0,0,1.0,1,1,0,20,20,0,0,0
1099,1099,1098,1100,1099,1100,0,0,0,0,0,0,0,0,1.0,1,1,0,20,20,0,0,0
1100,1100,1099,1101,1100,1101,0,0,0,0,0,0,0,0,1.0,1,1,0,20,20,0,0,0
1101,1101,1100,1102,1101,1102,0,0,0,0,0,0,0,0,1.0,1,1,0,20,20,0,0,0
1102,1102,1101,1103,1102,1103,0,0,0,0,0,0,0,0,1.0,1,1,0,20,20,0,0,0
1103,1103,1102,1104,1103,1104,0,0,0,0,0,0,0,0,1.0,1,1,0,20,20,0,0,0
1104,1104,1103,1105,1104,1105,0,0,0,0,0,0,0,0,1.0,1,1,0,20,20,0,0,0
1105,1105,1104,1106,1105,1106,0,0,0,0,0,0,0,0,1.0,1,1,0,20,20,0,0,0
1106,1106,1105,1107,1106,1107,0,0,0,0,0,0,0,0,1.0,1,1,0,20,20,0,0,0
1107,1107,1106,1108,1107,1108,0,0,0,0,0,0,0,0,1.0,1,1,0,20,20,0,0,0
1108,1108,1107,1109,1108,1109,0,0,0,0,0,0,0,0,1.0,1,1,0,20,20,0,0,0
1109,1109,1108,1110,1109,1110,0,0,0,0,0,0,0,0,1.0,1,1,0,20,20,0,0,0
1110,1110,1109,1111,1110,1111,0,0,0,0,0,0,0,0,1.0,1,1,0,20,20,0,0,0
1111,1111,1110,1112,1111,1112,0,0,0,0,0,0,0,0,1.0,1,1,0,20,20,0,0,0
1112,1112,1111,1113,1112,1113,0,0,0,0,0,0,0,0,1.0,1,1,0,20,20,0,0,0
1113,1113,1112,1114,1113,1114,0,0,0,0,0,0,0,0,1.0,1,1,0,20,20,0,0,0
1114,1114,1113,1115,1114,1115,0,0,0,0,0,0,0,0,1.0,1,1,0,20,20,0,0,0
1115,1115,1114,1116,1115,1116,0,0,0,0,0,0,0,0,1.0,1,1,0,20,20,0,0,0
1116,1116,1115,1117,1116,1117,0,0,0,0,0,0,0,0,1.0,1,1,0,20,20,0,0,0
1117,1117,1116,1118,1117,1118,0,0,0,0,0,0,0,0,1.0,1,1,0,20,20,0,0,0
1118,1118,1117,1119,1118,1119,0,0,0,0,0,0,0,0,1.0,1,1,0,20,20,0,0,0
1119,1119,1118,1120,1119,1120,0,0,0,0,0,0,0,0,1.0,1,1,0,20,20,0,0,0
1120,1120,1119,1121,1120,1121,0,0,0,0,0,0,0,0,1.0,1,1,0,20,20,0,0,0
1121,1121,1120,1122,1121,1122,0,0,0,0,0,0,0,0,1.0,1,1,0,20,20,0,0,0
1122,1122,1121,1123,1122,1123,0,0,0,0,0,0,0,0,1.0,1,1,0,20,20,0,0,0
1123,1123,1122,1124,1123,1124,0,0,0,0,0,0,0,0,1.0,1,1,0,20,20,0,0,0
1124,1124,1123,1125,1124,1125,0,0,0,0,0,0,0,0,1.0,1,1,0,20,20,0,0,0
1125,1125,1124,1126,1125,1126,0,0,0,0,0,0,0,0,1.0,1,1,0,20,20,0,0,0
1126,1126,1125,1127,1126,1127,0,0,0,0,0,0,0,0,1.0,1,1,0,20,20,0,0,0
1127,1127,1126,1128,1127,1128,0,0,0,0,0,0,0,0,1.0,1,1,0,20,20,0,0,0
1128,1128,1127,1129,1128,1129,0,0,0,0,0,0,0,0,1.0,1,1,0,20,20,0,0,0
1129,1129,1128,1130,1129,1130,0,0,0,0,0,0,0,0,1.0,1,1,0,20,20,0,0,0
1130,1130,1129,1131,1130,1131,0,0,0,0,0,0,0,0,1.0,1,1,0,20,20,0,0,0
1131,1131,1130,1132,1131,1132,0,0,0,0,0,0,0,0,1.0,1,1,0,20,20,0,0,0
1132,1132,1131,1133,1132,1133,0,0,0,0,0,0,0,0,1.0,1,1,0,20,20,0,0,0
1133,1133,1132,1134,1133,1134,0,0,0,0,0,0,0,0,1.0,1,1,0,20,20,0,0,0
1134,1134,1133,1135,1134,1135,0,0,0,0,0,0,0,0,1.0,1,1,0,20,20,0,0,0
1135,1135,1134,1136,1135,1136,0,0,0,0,0,0,0,0,1.0,1,1,0,20,20,0,0,0
1136,1136,1135,1137,1136,1137,0,0,0,0,0,0,0,0,1.0,1,1,0,20,20,0,0,0
1137,1137,1136,1138,1137,1138,0,0,0,0,0,0,0,0,1.0,1,1,0,20,20,0,0,0
1138,1138,1137,1139,1138,1139,0,0,0,0,0,0,0,0,1.0,1,1,0,20,20,0,0,0
1139,1139,1138,1140,1139,1140,0,0,0,0,0,0,0,0,1.0,1,1,0,20,20,0,0,0
1140,1140,1139,1141,1140,1141,0,0,0,0,0,0,0,0,1.0,1,1,0,20,20,0,0,0
1141,1141,1140,1142,1141,1142,0,0,0,0,0,0,0,0,1.0,1,1,0,20,20,0,0,0
1142,1142,1141,1143,1142,1143,0,0,0,0,0,0,0,0,1.0,1,1,0,20,20,0,0,0
1143,1143,1142,1144,1143,1144,0,0,0,0,0,0,0,0,1.0,1,1,0,20,20,0,0,0
1144,1144,1143,1145,1144,1145,0,0,0,0,0,0,0,0,1.0,1,1,0,20,20,0,0,0
1145,1145,1144,1146,1145,1146,0,0,0,0,0,0,0,0,1.0,1,1,0,20,20,0,0,0
1146,1146,1145,1147,1146,1147,0,0,0,0,0,0,0,0,1.0,1,1,0,20,20,0,0,0
1147,1147,1146,1148,1147,1148,0,0,0,0,0,0,0,0,1.0,1,1,0,20,20,0,0,0
1148,1148,1147,1149,1148,1149,0,0,0,0,0,0,0,0,1.0,1,1,0,20,20,0,0,0
1149,1149,1148,1150,1149,1150,0,0,0,0,0,0,0,0,1.0,1,1,0,20,20,0,0,0
1150,1150,1149,1151,1150,1151,0,0,0,0,0,0,0,0,1.0,1,1,0,20,20,0,0,0
1151,1151,1150,1152,1151,1152,0,0,0,0,0,0,0,0,1.0,1,1,0,20,20,0,0,0
1152,1152,1151,1153,1152,1153,0,0,0,0,0,0,0,0,1.0,1,1,0,20,20,0,0,0
1153,1153,1152,1154,1153,1154,0,0,0,0,0,0,0,0,1.0,1,1,0,20,20,0,0,0
1154,1154,1153,1155,1154,1155,0,0,0,0,0,0,0,0,1.0,1,1,0,20,20,0,0,0
1155,1155,1154,1156,1155,1156,0,0,0,0,0,0,0,0,1.0,1,1,0,20,20,0,0,0
1156,1156,1155,1157,1156,1157,0,0,0,0,0,0,0,0,1.0,1,1,0,20,20,0,0,0
1157,1157,1156,1158,1157,1158,0,0,0,0,0,0,0,0,1.0,1,1,0,20,20,0,0,0
1158,1158,1157,1159,1158,1159,0,0,0,0,0,0,0,0,1.0,1,1,0,20,20,0,0,0
1159,1159,1158,1160,1159,1160,0,0,0,0,0,0,0,0,1.0,1,1,0,20,20,0,0,0
1160,1160,1159,1161,1160,1161,0,0,0,0,0,0,0,0,1.0,1,1,0,20,20,0,0,0
1161,1161,1160,1162,1161,1162,0,0,0,0,0,0,0,0,1.0,1,1,0,20,20,0,0,0
1162,1162,1161,1163,1162,1163,0,0,0,0,0,0,0,0,1.0,1,1,0,20,20,0,0,0
1163,1163,1162,1164,1163,1164,0,0,0,0,0,0,0,0,1.0,1,1,0,20,20,0,0,0
1164,1164,1163,1165,1164,1165,0,0,0,0,0,0,0,0,1.0,1,1,0,20,20,0,0,0
1165,1165,1164,1166,1165,1166,0,0,0,0,0,0,0,0,1.0,1,1,0,20,20,0,0,0
1166,1166,1165,1167,1166,1167,0,0,0,0,0,0,0,0,1.0,1,1,0,20,20,0,0,0
1167,1167,1166,1168,1167,1168,0,0,0,0,0,0,0,0,1.0,1,1,0,20,20,0,0,0
1168,1168,1167,1169,1168,1169,0,0,0,0,0,0,0,0,1.0,1,1,0,20,20,0,0,0
1169,1169,1168,1170,1169,1170,0,0,0,0,0,0,0,0,1.0,1,1,0,20,20,0,0,0
1170,1170,1169,1171,1170,1171,0,0,0,0,0,0,0,0,1.0,1,1,0,20,20,0,0,0
1171,1171,1170,1172,1171,1172,0,0,0,0,0,0,0,0,1.0,1,1,0,20,20,0,0,0
1172,1172,1171,1173,1172,1173,0,0,0,0,0,0,0,0,1.0,1,1,0,20,20,0,0,0
1173,1173,1172,1174,1173,1174,0,0,0,0,0,0,0,0,1.0,1,1,0,20,20,0,0,0
1174,1174,1173,1175,1174,1175,0,0,0,0,0,0,0,0,1.0,1,1,0,20,20,0,0,0
1175,1175,1174,1176,1175,1176,0,0,0,0,0,0,0,0,1.0,1,1,0,20,20,0,0,0
1176,1176,1175,1177,1176,1177,0,0,0,0,0,0,0,0,1.0,1,1,0,20,20,0,0,0
1177,1177,1176,1178,1177,1178,0,0,0,0,0,0,0,0,1.0,1,1,0,20,20,0,0,0
1178,1178,1177,1179,1178,1179,0,0,0,0,0,0,0,0,1.0,1,1,0,20,20,0,0,0
1179,1179,1178,1180,1179,1180,0,0,0,0,0,0,0,0,1.0,1,1,0,20,20,0,0,0
1180,1180,1179,1181,1180,1181,0,0,0,0,0,0,0,0,1.0,1,1,0,20,20,0,0,0
1181,1181,1180,1182,1181,1182,0,0,0,0,0,0,0,0,1.0,1,1,0,20,20,0,0,0
1182,1182,1181,1183,1182,1183,0,0,0,0,0,0,0,0,1.0,1,1,0,20,20,0,0,0
1183,1183,1182,1184,1183,1184,0,0,0,0,0,0,0,0,1.0,1,1,0,20,20,0,0,0
1184,1184,1183,1185,1184,1185,0,0,0,0,0,0,0,0,1.0,1,1,0,20,20,0,0,0
1185,1185,1184,1186,1185,1186,0,0,0,0,0,0,0,0,1.0,1,1,0,20,20,0,0,0
1186,1186,1185,1187,1186,1187,0,0,0,0,0,0,0,0,1.0,1,1,0,20,20,0,0,0
1187,1187,1186,1188,1187,1188,0,0,0,0,0,0,0,0,1.0,1,1,0,20,20,0,0,0
1188,1188,1187,1189,1188,1189,0,0,0,0,0,0,0,0,1.0,1,1,0,20,20,0,0,0
1189,1189,1188,1190,1189,1190,0,0,0,0,0,0,0,0,1.0,1,1,0,20,20,0,0,0
1190,1190,1189,1191,1190,1191,0,0,0,0,0,0,0,0,1.0,1,1,0,20,20,0,0,0
1191,1191,1190,1192,1191,1192,0,0,0,0,0,0,0,0,1.0,1,1,0,20,20,0,0,0
1192,1192,1191,1193,1192,1193,0,0,0,0,0,0,0,0,1.0,1,1,0,20,20,0,0,0
1193,1193,1192,1194,1193,1194,0,0,0,0,0,0,0,0,1.0,1,1,0,20,20,0,0,0
1194,1194,1193,1195,1194,1195,0,0,0,0,0,0,0,0,1.0,1,1,0,20,20,0,0,0
1195,1195,1194,1196,1195,1196,0,0,0,0,0,0,0,0,1.0,1,1,0,20,20,0,0,0
1196,1196,1195,1197,1196,1197,0,0,0,0,0,0,0,0,1.0,1,1,0,20,20,0,0,0
1197,1197,1196,1198,1197,1198,0,0,0,0,0,0,0,0,1.0,1,1,0,20,20,0,0,0
1198,1198,1197,1199,1198,1199,0,0,0,0,0,0,0,0,1.0,1,1,0,20,20,0,0,0
1199,1199,1198,1200,1199,1200,0,0,0,0,0,0,0,0,1.0,1,1,0,20,20,0,0,0
1200,1200,1199,1201,1200,1201,0,0,0,0,0,0,0,0,1.0,1,1,0,20,20,0,0,0
1201,1201,1200,1202,1201,1202,0,0,0,0,0,0,0,0,1.0,1,1,0,20,20,0,0,0
1202,1202,1201,1203,1202,1203,0,0,0,0,0,0,0,0,1.0,1,1,0,20,20,0,0,0
1203,1203,1202,1204,1203,1204,0,0,0,0,0,0,0,0,1.0,1,1,0,20,20,0,0,0
1204,1204,1203,1205,1204,1205,0,0,0,0,0,0,0,0,1.0,1,1,0,20,20,0,0,0
1205,1205,1204,1206,1205,1206,0,0,0,0,0,0,0,0,1.0,1,1,0,20,20,0,0,0
1206,1206,1205,1207,1206,1207,0,0,0,0,0,0,0,0,1.0,1,1,0,20,20,0,0,0
1207,1207,1206,1208,1207,1208,0,0,0,0,0,0,0,0,1.0,1,1,0,20,20,0,0,0
1208,1208,1207,1209,1208,1209,0,0,0,0,0,0,0,0,1.0,1,1,0,20,20,0,0,0
1209,1209,1208,1210,1209,1210,0,0,0,0,0,0,0,0,1.0,1,1,0,20,20,0,0,0
1210,1210,1209,1211,1210,1211,0,0,0,0,0,0,0,0,1.0,1,1,0,20,20,0,0,0
1211,1211,1210,1212,1211,1212,0,0,0,0,0,0,0,0,1.0,1,1,0,20,20,0,0,0
1212,1212,1211,1213,1212,1213,0,0,0,0,0,0,0,0,1.0,1,1,0,20,20,0,0,0
1213,1213,1212,1214,1213,1214,0,0,0,0,0,0,0,0,1.0,1,1,0,20,20,0,0,0
1214,1214,1213,1215,1214,1215,0,0,0,0,0,0,0,0,1.0,1,1,0,20,20,0,0,0
1215,1215,1214,1216,1215,1216,0,0,0,0,0,0,0,0,1.0,1,1,0,20,20,0,0,0
1216,1216,1215,1217,1216,1217,0,0,0,0,0,0,0,0,1.0,1,1,0,20,20,0,0,0
1217,1217,1216,1218,1217,1218,0,0,0,0,0,0,0,0,1.0,1,1,0,20,20,0,0,0
1218,1218,1217,1219,1218,1219,0,0,0,0,0,0,0,0,1.0,1,1,0,20,20,0,0,0
1219,1219,1218,1220,1219,1220,0,0,0,0,0,0,0,0,1.0,1,1,0,20,20,0,0,0
1220,1220,1219,1221,1220,1221,0,0,0,0,0,0,0,0,1.0,1,1,0,20,20,0,0,0
1221,1221,1220,1222,1221,1222,0,0,0,0,0,0,0,0,1.0,1,1,0,20,20,0,0,0
1222,1222,1221,1223,1222,1223,0,0,0,0,0,0,0,0,1.0,1,1,0,20,20,0,0,0
1223,1223,1222,1224,1223,1224,0,0,0,0,0,0,0,0,1.0,1,1,0,20,20,0,0,0
1224,1224,1223,1225,1224,1225,0,0,0,0,0,0,0,0,1.0,1,1,0,20,20,0,0,0
1225,1225,1224,1226,1225,1226,0,0,0,0,0,0,0,0,1.0,1,1,0,20,20,0,0,0
1226,1226,1225,1227,1226,1227,0,0,0,0,0,0,0,0,1.0,1,1,0,20,20,0,0,0
1227,1227,1226,1228,1227,1228,0,0,0,0,0,0,0,0,1.0,1,1,0,20,20,0,0,0
1228,1228,1227,1229,1228,1229,0,0,0,0,0,0,0,0,1.0,1,1,0,20,20,0,0,0
1229,1229,1228,1230,1229,1230,0,0,0,0,0,0,0,0,1.0,1,1,0,20,20,0,0,0
1230,1230,1229,1231,1230,1231,0,0,0,0,0,0,0,0,1.0,1,1,0,20,20,0,0,0
1231,1231,1230,1232,1231,1232,0,0,0,0,0,0,0,0,1.0,1,1,0,20,20,0,0,0
1232,1232,1231,1233,1232,1233,0,0,0,0,0,0,0,0,1.0,1,1,0,20,20,0,0,0
1233,1233,1232,1234,1233,1234,0,0,0,0,0,0,0,0,1.0,1,1,0,20,20,0,0,0
1234,1234,1233,1235,1234,1235,0,0,0,0,0,0,0,0,1.0,1,1,0,20,20,0,0,0
1235,1235,1234,1236,1235,1236,0,0,0,0,0,0,0,0,1.0,1,1,0,20,20,0,0,0
1236,1236,1235,1237,1236,1237,0,0,0,0,0,0,0,0,1.0,1,1,0,20,20,0,0,0
1237,1237,1236,1238,1237,1238,0,0,0,0,0,0,0,0,1.0,1,1,0,20,20,0,0,0
1238,1238,1237,1239,1238,1239,0,0,0,0,0,0,0,0,1.0,1,1,0,20,20,0,0,0
1239,1239,1238,1240,1239,1240,0,0,0,0,0,0,0,0,1.0,1,1,0,20,20,0,0,0
1240,1240,1239,1241,1240,1241,0,0,0,0,0,0,0,0,1.0,1,1,0,20,20,0,0,0
1241,1241,1240,1242,1241,1242,0,0,0,0,0,0,0,0,1.0,1,1,0,20,20,0,0,0
1242,1242,1241,1243,1242,1243,0,0,0,0,0,0,0,0,1.0,1,1,0,20,20,0,0,0
1243,1243,1242,1244,1243,1244,0,0,0,0,0,0,0,0,1.0,1,1,0,20,20,0,0,0
1244,1244,1243,1245,1244,1245,0,0,0,0,0,0,0,0,1.0,1,1,0,20,20,0,0,0
1245,1245,1244,1246,1245,1246,0,0,0,0,0,0,0,0,1.0,1,1,0,20,20,0,0,0
1246,1246,1245,1247,1246,1247,0,0,0,0,0,0,0,0,1.0,1,1,0,20,20,0,0,0
1247,1247,1246,1248,1247,1248,0,0,0,0,0,0,0,0,1.0,1,1,0,20,20,0,0,0
1248,1248,1247,1249,1248,1249,0,0,0,0,0,0,0,0,1.0,1,1,0,20,20,0,0,0
1249,1249,1248,1250,1249,1250,0,0,0,0,0,0,0,0,1.0,1,1,0,20,20,0,0,0
1250,1250,1249,1251,1250,1251,0,0,0,0,0,0,0,0,1.0,1,1,0,20,20,0,0,0
1251,1251,1250,1252,1251,1252,0,0,0,0,0,0,0,0,1.0,1,1,0,20,20,0,0,0
1252,1252,1251,1253,1252,1253,0,0,0,0,0,0,0,0,1.0,1,1,0,20,20,0,0,0
1253,1253,1252,1254,1253,1254,0,0,0,0,0,0,0,0,1.0,1,1,0,20,20,0,0,0
1254,1254,1253,1255,1254,1255,0,0,0,0,0,0,0,0,1.0,1,1,0,20,20,0,0,0
1255,1255,1254,1256,1255,1256,0,0,0,0,0,0,0,0,1.0,1,1,0,20,20,0,0,0
1256,1256,1255,1257,1256,1257,0,0,0,0,0,0,0,0,1.0,1,1,0,20,20,0,0,0
1257,1257,1256,1258,1257,1258,0,0,0,0,0,0,0,0,1.0,1,1,0,20,20,0,0,0
1258,1258,1257,1259,1258,1259,0,0,0,0,0,0,0,0,1.0,1,1,0,20,20,0,0,0
1259,1259,1258,1260,1259,1260,0,0,0,0,0,0,0,0,1.0,1,1,0,20,20,0,0,0
1260,1260,1259,1261,1260,1261,0,0,0,0,0,0,0,0,1.0,1,1,0,20,20,0,0,0
1261,1261,1260,1262,1261,1262,0,0,0,0,0,0,0,0,1.0,1,1,0,20,20,0,0,0
1262,1262,1261,1263,1262,1263,0,0,0,0,0,0,0,0,1.0,1,1,0,20,20,0,0,0
1263,1263,1262,1264,1263,1264,0,0,0,0,0,0,0,0,1.0,1,1,0,20,20,0,0,0
1264,1264,1263,1265,1264,1265,0,0,0,0,0,0,0,0,1.0,1,1,0,20,20,0,0,0
1265,1265,1264,1266,1265,1266,0,0,0,0,0,0,0,0,1.0,1,1,0,20,20,0,0,0
1266,1266,1265,1267,1266,1267,0,0,0,0,0,0,0,0,1.0,1,1,0,20,20,0,0,0
1267,1267,1266,1268,1267,1268,0,0,0,0,0,0,0,0,1.0,1,1,0,20,20,0,0,0
1268,1268,1267,1269,1268,1269,0,0,0,0,0,0,0,0,1.0,1,1,0,20,20,0,0,0
1269,1269,1268,1270,1269,1270,0,0,0,0,0,0,0,0,1.0,1,1,0,20,20,0,0,0
1270,1270,1269,1271,1270,1271,0,0,0,0,0,0,0,0,1.0,1,1,0,20,20,0,0,0
1271,1271,1270,1272,1271,1272,0,0,0,0,0,0,0,0,1.0,1,1,0,20,20,0,0,0
1272,1272,1271,1273,1272,1273,0,0,0,0,0,0,0,0,1.0,1,1,0,20,20,0,0,0
1273,1273,1272,1274,1273,1274,0,0,0,0,0,0,0,0,1.0,1,1,0,20,20,0,0,0
1274,1274,1273,1275,1274,1275,0,0,0,0,0,0,0,0,1.0,1,1,0,20,20,0,0,0
1275,1275,1274,1276,1275,1276,0,0,0,0,0,0,0,0,1.0,1,1,0,20,20,0,0,0
1276,1276,1275,1277,1276,1277,0,0,0,0,0,0,0,0,1.0,1,1,0,20,20,0,0,0
1277,1277,1276,1278,1277,1278,0,0,0,0,0,0,0,0,1.0,1,1,0,20,20,0,0,0
1278,1278,1277,1279,1278,1279,0,0,0,0,0,0,0,0,1.0,1,1,0,20,20,0,0,0
1279,1279,1278,1280,1279,1280,0,0,0,0,0,0,0,0,1.0,1,1,0,20,20,0,0,0
1280,1280,1279,1281,1280,1281,0,0,0,0,0,0,0,0,1.0,1,1,0,20,20,0,0,0
1281,1281,1280,1282,1281,1282,0,0,0,0,0,0,0,0,1.0,1,1,0,20,20,0,0,0
1282,1282,1281,1283,1282,1283,0,0,0,0,0,0,0,0,1.0,1,1,0,20,20,0,0,0
1283,1283,1282,1284,1283,1284,0,0,0,0,0,0,0,0,1.0,1,1,0,20,20,0,0,0
1284,1284,1283,1285,1284,1285,0,0,0,0,0,0,0,0,1.0,1,1,0,20,20,0,0,0
1285,1285,1284,1286,1285,1286,0,0,0,0,0,0,0,0,1.0,1,1,0,20,20,0,0,0
1286,1286,1285,1287,1286,1287,0,0,0,0,0,0,0,0,1.0,1,1,0,20,20,0,0,0
1287,1287,1286,1288,1287,1288,0,0,0,0,0,0,0,0,1.0,1,1,0,20,20,0,0,0
1288,1288,1287,1289,1288,1289,0,0,0,0,0,0,0,0,1.0,1,1,0,20,20,0,0,0
1289,1289,1288,1290,1289,1290,0,0,0,0,0,0,0,0,1.0,1,1,0,20,20,0,0,0
1290,1290,1289,1291,1290,1291,0,0,0,0,0,0,0,0,1.0,1,1,0,20,20,0,0,0
1291,1291,1290,1292,1291,1292,0,0,0,0,0,0,0,0,1.0,1,1,0,20,20,0,0,0
1292,1292,1291,1293,1292,1293,0,0,0,0,0,0,0,0,1.0,1,1,0,20,20,0,0,0
1293,1293,1292,1294,1293,1294,0,0,0,0,0,0,0,0,1.0,1,1,0,20,20,0,0,0
1294,1294,1293,1295,1294,1295,0,0,0,0,0,0,0,0,1.0,1,1,0,20,20,0,0,0
1295,1295,1294,1296,1295,1296,0,0,0,0,0,0,0,0,1.0,1,1,0,20,20,0,0,0
1296,1296,1295,1297,1296,1297,0,0,0,0,0,0,0,0,1.0,1,1,0,20,20,0,0,0
1297,1297,1296,1298,1297,1298,0,0,0,0,0,0,0,0,1.0,1,1,0,20,20,0,0,0
1298,1298,1297,1299,1298,1299,0,0,0,0,0,0,0,0,1.0,1,1,0,20,20,0,0,0
1299,1299,1298,1300,1299,1300,0,0,0,0,0,0,0,0,1.0,1,1,0,20,20,0,0,0
1300,1300,1299,1301,1300,1301,0,0,0,0,0,0,0,0,1.0,1,1,0,20,20,0,0,0
1301,1301,1300,1302,1301,1302,0,0,0,0,0,0,0,0,1.0,1,1,0,20,20,0,0,0
1302,1302,1301,1303,1302,1303,0,0,0,0,0,0,0,0,1.0,1,1,0,20,20,0,0,0
1303,1303,1302,0,1303,1304,0,0,0,0,0,0,0,0,1.0,1,1,0,20,20,0,0,0
