DID,Dist,PID,Dir,Apara,r,slope,cant,LW,RW
100,0,100,4.762772440541591,0,90000000000,0,0,2,2
101,1,101,4.762772440541591,0,90000000000,0,0,2,2
102,2,102,4.708802195102452,0,-18.52872804011387,0,0,2,2
103,3,103,4.749837404732328,0,24.36931622915217,0,0,2,2
104,4,104,4.752698625103056,0,349.501216414702,0,0,2,2
105,5,105,4.740427204604491,0,-81.49015838198507,0,0,2,2
106,6,106,4.764529343594054,0,41.49009349058316,0,0,2,2
107,7,107,4.767942484895667,0,292.9852331420794,0,0,2,2
108,8,108,4.735192734074071,0,-30.53458346744359,0,0,2,2
109,9,109,4.770333156478724,0,28.45725610479842,0,0,2,2
110,10,110,4.741122745204635,0,-34.234369061658256,0,0,2,2
111,11,111,4.724534865859458,0,-60.28498153326511,0,0,2,2
112,12,112,4.723348112797849,0,-842.6352813819828,0,0,2,2
113,13,113,4.70683862101007,0,-60.57121641625968,0,0,2,2
114,14,114,4.738206466089225,0,31.879779993702773,0,0,2,2
115,15,115,4.71569397288793,0,-44.41978021086026,0,0,2,2
116,16,116,4.709789051151475,0,-169.35025469114802,0,0,2,2
117,17,117,4.764447927849841,0,18.295289995044673,0,0,2,2
118,18,118,4.77034948682542,0,169.44675197486055,0,0,2,2
119,19,119,4.750851079846747,0,-51.28624102952405,0,0,2,2
120,20,120,4.735613334993127,0,-65.62650901471534,0,0,2,2
121,21,121,4.712102283055046,0,-42.53318833345242,0,0,2,2
122,22,122,4.73954840850395,0,36.43501527607906,0,0,2,2
123,23,123,4.742744949376815,0,312.8381709393924,0,0,2,2
124,24,124,4.7374336427881625,0,-188.27758919745995,0,0,2,2
125,25,125,4.758633133081292,0,47.170945441271854,0,0,2,2
126,26,126,4.747975631714045,0,-93.8306236650549,0,0,2,2
127,27,127,4.7333557631174665,0,-68.40006757885904,0,0,2,2
128,28,128,4.729130685738736,0,-236.68205582080319,0,0,2,2
129,29,129,4.774479155138775,0,22.051460903311767,0,0,2,2
130,30,130,4.733963930415316,0,-24.682079559612347,0,0,2,2
131,31,131,4.678727981920209,0,-18.10415186567463,0,0,2,2
132,32,132,4.72689351290231,0,20.76173519963055,0,0,2,2
133,33,133,4.740241802330823,0,74.9159662258995,0,0,2,2
134,34,134,4.734027264797231,0,-160.91301960837774,0,0,2,2
135,35,135,4.710502513659462,0,-42.50841992519533,0,0,2,2
136,36,136,4.724148751683385,0,73.28026949602247,0,0,2,2
137,37,137,4.710068096470127,0,-71.01942238159342,0,0,2,2
138,38,138,4.723011952007036,0,77.25673367942636,0,0,2,2
139,39,139,4.7362700891092215,0,75.42537781082261,0,0,2,2
140,40,140,4.728945508435461,0,-136.526586918814,0,0,2,2
141,41,141,4.733675627290895,0,211.41117814646861,0,0,2,2
142,42,142,4.750773589753424,0,58.48650107821631,0,0,2,2
143,43,143,4.72003759959318,0,-32.53514836471683,0,0,2,2
144,44,144,4.719567777672567,0,-2128.466033885501,0,0,2,2
145,45,145,4.741744823181033,0,45.09166920445891,0,0,2,2
146,46,146,4.715395843990286,0,-37.95213441707628,0,0,2,2
147,47,147,4.740994591490147,0,39.064411257051056,0,0,2,2
148,48,148,4.747424471857,0,155.523888928813,0,0,2,2
149,49,149,4.69444451859861,0,-18.875063840144783,0,0,2,2
150,50,150,4.714063619782861,0,50.97073462278424,0,0,2,2
151,51,151,4.758754889339362,0,22.37573490132676,0,0,2,2
152,52,152,4.7101966217140285,0,-20.593815407827485,0,0,2,2
153,53,153,4.712246874284769,0,487.74478533571244,0,0,2,2
154,54,154,4.725056348113444,0,78.06721910477206,0,0,2,2
155,55,155,4.722515216347309,0,-393.5254414300034,0,0,2,2
156,56,156,4.722365973411914,0,-6700.48466514178,0,0,2,2
157,57,157,4.723579202439185,0,824.2466818064628,0,0,2,2
158,58,158,4.730842415629916,0,137.68011123178587,0,0,2,2
159,59,159,4.707611674888259,0,-43.046410405967244,0,0,2,2
160,60,160,4.714498681711363,0,145.200959674574,0,0,2,2
161,61,161,4.704621679743072,0,-101.2452972278845,0,0,2,2
162,62,162,4.7349719718231125,0,32.94861207143501,0,0,2,2
163,63,163,4.721502976877661,0,-74.24458944783228,0,0,2,2
164,64,164,4.732482145862923,0,91.08157469316241,0,0,2,2
165,65,165,4.724371425042445,0,-123.29360387738552,0,0,2,2
166,66,166,4.735370969718284,0,90.91285407445807,0,0,2,2
167,67,167,4.699286502267061,0,-27.712754839786317,0,0,2,2
168,68,168,4.73706034875869,0,26.473343142896518,0,0,2,2
169,69,169,4.7374524121207005,0,2550.6081335222593,0,0,2,2
170,70,170,4.715342973577047,0,-45.22955198638716,0,0,2,2
171,71,171,4.737143581488394,0,45.87028050165135,0,0,2,2
172,72,172,4.72400698253974,0,-76.12320387557331,0,0,2,2
173,73,173,4.744463344082448,0,48.88454859933119,0,0,2,2
174,74,174,4.758304821528759,0,72.24662279578915,0,0,2,2
175,75,175,4.728187775832045,0,-33.20378798339831,0,0,2,2
176,76,176,4.750396694512721,0,45.026955808977846,0,0,2,2
177,77,177,4.749669179502832,0,-1374.5420869765003,0,0,2,2
178,78,178,4.750487128660712,0,1222.5698753599197,0,0,2,2
179,79,179,4.73893225348846,0,-86.54355716463175,0,0,2,2
180,80,180,4.761198649173116,0,44.910726197553295,0,0,2,2
181,81,181,4.740688520571757,0,-48.756398335489294,0,0,2,2
182,82,182,4.7543098170638425,0,73.41445071554145,0,0,2,2
183,83,183,4.729140205338429,0,-39.730449993009344,0,0,2,2
184,84,184,4.754664545992792,0,39.17828920799389,0,0,2,2
185,85,185,4.745222649443623,0,-105.91092528841767,0,0,2,2
186,86,186,4.745978492518426,0,1323.0259472325467,0,0,2,2
187,87,187,4.72847941920736,0,-57.14588322614753,0,0,2,2
188,88,188,4.747290241410105,0,53.160887345693055,0,0,2,2
189,89,189,4.730892454771872,0,-60.98384020123739,0,0,2,2
190,90,190,4.745922730715748,0,66.53237796392152,0,0,2,2
191,91,191,4.763575755807246,0,56.64751479232997,0,0,2,2
192,92,192,4.763051059148291,0,-1905.863098102714,0,0,2,2
193,93,193,4.737213178287076,0,-38.702864424965966,0,0,2,2
194,94,194,4.7690640159105175,0,31.396348561459234,0,0,2,2
195,95,195,4.757454377485822,0,-86.13532682231181,0,0,2,2
196,96,196,4.7559775313136985,0,-677.1185915469985,0,0,2,2
197,97,197,4.740595432660852,0,-65.0106349314658,0,0,2,2
198,98,198,4.774947691914087,0,29.110166892613545,0,0,2,2
199,99,199,4.7794899930896095,0,220.15272905917678,0,0,2,2
200,100,200,4.737257109870928,0,-23.678231837073664,0,0,2,2
201,101,201,4.759767951260464,0,44.42303966767007,0,0,2,2
202,102,202,4.776544334052589,0,59.607605071425105,0,0,2,2
203,103,203,4.77110138591918,0,-183.72396272932235,0,0,2,2
204,104,204,4.7400604866606635,0,-32.215561529701375,0,0,2,2
205,105,205,4.741190144879791,0,885.2234977514594,0,0,2,2
206,106,206,4.757906789067218,0,59.82061882684225,0,0,2,2
207,107,207,4.778357614752473,0,48.89778121384179,0,0,2,2
208,108,208,4.767216474826423,0,-89.75742218817715,0,0,2,2
209,109,209,4.79936425650009,0,31.106345381806385,0,0,2,2
210,110,210,4.73733984072567,0,-16.12268310010287,0,0,2,2
211,111,211,4.734419550780357,0,-342.4317512050769,0,0,2,2
212,112,212,4.766221833217008,0,31.444283975276583,0,0,2,2
213,113,213,4.775278462131538,0,110.41636015313638,0,0,2,2
214,114,214,4.787089106259481,0,84.66938713647622,0,0,2,2
215,115,215,4.7775103990154255,0,-104.39822144272983,0,0,2,2
216,116,216,4.739423911616534,0,-26.256031162093937,0,0,2,2
217,117,217,4.761314928961402,0,45.68083722406077,0,0,2,2
218,118,218,4.771770305470193,0,95.64457092091644,0,0,2,2
219,119,219,4.7915822424168235,0,50.47462056303809,0,0,2,2
220,120,220,4.758265949221372,0,-30.01534396799387,0,0,2,2
221,121,221,4.765842972836004,0,131.97794422455817,0,0,2,2
222,122,222,4.751818075908284,0,-71.3017717815478,0,0,2,2
223,123,223,4.749182184346488,0,-379.3782773516017,0,0,2,2
224,124,224,4.771134838488727,0,45.55257844999588,0,0,2,2
225,125,225,4.802644483486162,0,31.736314391400153,0,0,2,2
226,126,226,4.753365020834138,0,-20.29242906038297,0,0,2,2
227,127,227,4.7638921329271815,0,94.99281390389854,0,0,2,2
228,128,228,4.753717766365742,0,-98.28621702996276,0,0,2,2
229,129,229,4.749447906407809,0,-234.19971845728926,0,0,2,2
230,130,230,4.793969728649434,0,22.460895571005498,0,0,2,2
231,131,231,4.79586464244225,0,527.7284928691168,0,0,2,2
232,132,232,4.781607119370121,0,-70.13841008294091,0,0,2,2
233,133,233,4.759600045688419,0,-45.43993510738603,0,0,2,2
234,134,234,4.782187501507623,0,44.27236108414568,0,0,2,2
235,135,235,4.778628850918464,0,-281.0053909328079,0,0,2,2
236,136,236,4.7923146060862845,0,73.06867525668714,0,0,2,2
237,137,237,4.811828723184851,0,51.24495230550109,0,0,2,2
238,138,238,4.767870790745868,0,-22.74902263403957,0,0,2,2
239,139,239,4.7883905058943075,0,48.733619973085155,0,0,2,2
240,140,240,4.796791036265225,0,119.04010292754211,0,0,2,2
241,141,241,4.806245899580795,0,105.76567493611769,0,0,2,2
242,142,242,4.769445150471144,0,-27.173359896028476,0,0,2,2
243,143,243,4.7598401434313065,0,-104.11236512918774,0,0,2,2
244,144,244,4.777827910461311,0,55.593337312627206,0,0,2,2
245,145,245,4.787634015930147,0,101.97728376245352,0,0,2,2
246,146,246,4.797305132571717,0,103.40067616407569,0,0,2,2
247,147,247,4.781734690975271,0,-64.22425425803318,0,0,2,2
248,148,248,4.788590951669194,0,145.8520970310096,0,0,2,2
249,149,249,4.748685880991838,0,-25.05947196749195,0,0,2,2
250,150,250,4.775654302362798,0,37.080405495176606,0,0,2,2
251,151,251,4.773176861532162,0,-403.64233431292485,0,0,2,2
252,152,252,4.784953652773548,0,84.91277288552418,0,0,2,2
253,153,253,4.77803989154385,0,-144.63907080049637,0,0,2,2
254,154,254,4.773261761912623,0,-209.2869129093282,0,0,2,2
255,155,255,4.797811942246578,0,40.73289834930192,0,0,2,2
256,156,256,4.772980586091737,0,-40.27166272209674,0,0,2,2
257,157,257,4.77621331844081,0,309.3358472089011,0,0,2,2
258,158,258,4.779034862169497,0,354.41591417949576,0,0,2,2
259,159,259,4.7698986229409215,0,-109.45422673174961,0,0,2,2
260,160,260,4.775119068176604,0,191.55454273609575,0,0,2,2
261,161,261,4.773067431483872,0,-487.41573181181656,0,0,2,2
262,162,262,4.7769072502865715,0,260.4289554749183,0,0,2,2
263,163,263,4.784237562027093,0,136.41984616725216,0,0,2,2
264,164,264,4.780907689121698,0,-300.311762163601,0,0,2,2
265,165,265,4.779948195731382,0,-1042.2166635984486,0,0,2,2
266,166,266,4.764766241287912,0,-65.86767228972329,0,0,2,2
267,167,267,4.7621981287731625,0,-389.39103884920195,0,0,2,2
268,168,268,4.747049808288659,0,-66.01391890427506,0,0,2,2
269,169,269,4.7885640703947745,0,24.08810729777329,0,0,2,2
270,170,270,4.7680811900437785,0,-48.821258673777024,0,0,2,2
271,171,271,4.7550422705785715,0,-76.69347162304351,0,0,2,2
272,172,272,4.771681725518574,0,60.09812242082023,0,0,2,2
273,173,273,4.778947609178582,0,137.62950892045276,0,0,2,2
274,174,274,4.781322385325208,0,421.09232123662576,0,0,2,2
275,175,275,4.755601397837241,0,-38.87875613126595,0,0,2,2
276,176,276,4.7699755521961045,0,69.56930995967544,0,0,2,2
277,177,277,4.74965938083147,0,-49.221872667442945,0,0,2,2
278,178,278,4.755611302695243,0,168.01295831629534,0,0,2,2
279,179,279,4.773979067192446,0,54.44320674692248,0,0,2,2
280,180,280,4.7769631077454475,0,335.11608915440155,0,0,2,2
281,181,281,4.7568994069053225,0,-49.84125351391406,0,0,2,2
282,182,282,4.750697987877459,0,-161.25341563065757,0,0,2,2
283,183,283,4.773437149039728,0,43.976996023023894,0,0,2,2
284,184,284,4.768037985858457,0,-185.21388712030313,0,0,2,2
285,185,285,4.774789133653576,0,148.12296076866988,0,0,2,2
286,186,286,4.764295438055497,0,-95.29531237622923,0,0,2,2
287,187,287,4.751256623039998,0,-76.69408598950797,0,0,2,2
288,188,288,4.778395661721522,0,36.847288945455475,0,0,2,2
289,189,289,4.762836129243205,0,-64.2692832444384,0,0,2,2
290,190,290,4.78118627822309,0,54.49547036899626,0,0,2,2
291,191,291,4.753080505500388,0,-35.57987926061432,0,0,2,2
292,192,292,4.743276795943347,0,-102.00220581624296,0,0,2,2
293,193,293,4.749628695301803,0,157.43322486189135,0,0,2,2
294,194,294,4.751386974654755,0,568.7378392523741,0,0,2,2
295,195,295,4.766001571265012,0,68.42474182955966,0,0,2,2
296,196,296,4.769663879713537,0,273.0518234756585,0,0,2,2
297,197,297,4.771674650976348,0,497.3216091232127,0,0,2,2
298,198,298,4.783170356908219,0,86.9890031918468,0,0,2,2
299,199,299,4.763916754292604,0,-51.93833174831505,0,0,2,2
300,200,300,4.746778756254954,0,-58.349872476533506,0,0,2,2
301,201,301,4.7539773762139985,0,138.91551515280872,0,0,2,2
302,202,302,4.767976229475431,0,71.43442261482042,0,0,2,2
303,203,303,4.789535323148009,0,46.38413911026069,0,0,2,2
304,204,304,4.75876264970085,0,-32.49636407825156,0,0,2,2
305,205,305,4.772892229863582,0,70.77351120719135,0,0,2,2
306,206,306,4.774666981957594,0,563.4589773827701,0,0,2,2
307,207,307,4.7974614285837855,0,43.87033457750086,0,0,2,2
308,208,308,4.789898528088043,0,-132.2244026035895,0,0,2,2
309,209,309,4.774974399010799,0,-67.00558503777603,0,0,2,2
310,210,310,4.7851782987393365,0,98.0017470382683,0,0,2,2
311,211,311,4.778566963710953,0,-151.25538120619984,0,0,2,2
312,212,312,4.804150473124127,0,39.08767885789191,0,0,2,2
313,213,313,4.7790962866703985,0,-39.91348918261004,0,0,2,2
314,214,314,4.794643203587445,0,64.32143461855938,0,0,2,2
315,215,315,4.791875484970271,0,-361.3084053396274,0,0,2,2
316,216,316,4.781813651258084,0,-99.38546278983098,0,0,2,2
317,217,317,4.78647723761454,0,214.42725052485045,0,0,2,2
318,218,318,4.767328284314432,0,-52.222175506288906,0,0,2,2
319,219,319,4.827202932365704,0,16.70155955060752,0,0,2,2
320,220,320,4.797701622649371,0,-33.896800162955316,0,0,2,2
321,221,321,4.821468269340299,0,42.07577168981631,0,0,2,2
322,222,322,4.807122709682896,0,-69.70798099772796,0,0,2,2
323,223,323,4.779425449833433,0,-36.104654591649044,0,0,2,2
324,224,324,4.80176979833083,0,44.75404597795774,0,0,2,2
325,225,325,4.812741377330265,0,91.14458366033963,0,0,2,2
326,226,326,4.850460132859372,0,26.512009369670164,0,0,2,2
327,227,327,4.860311212590164,0,101.51171519546725,0,0,2,2
328,228,328,4.807799374736844,0,-19.043325103061033,0,0,2,2
329,229,329,4.837272334921854,0,33.929404909541645,0,0,2,2
330,230,330,4.8350685097742705,0,-453.7565065433524,0,0,2,2
331,231,331,4.837428945242981,0,423.6506412718685,0,0,2,2
332,232,332,4.8269667075680465,0,-95.58184693087398,0,0,2,2
333,233,333,4.849964041080506,0,43.48330207318236,0,0,2,2
334,234,334,4.847133468316684,0,-353.28538901419137,0,0,2,2
335,235,335,4.841236672883361,0,-169.58363424802246,0,0,2,2
336,236,336,4.856643131204946,0,64.90784443294035,0,0,2,2
337,237,337,4.865511625327166,0,112.75871486394595,0,0,2,2
338,238,338,4.851757829054332,0,-72.70719880991538,0,0,2,2
339,239,339,4.858679020581074,0,144.483792441834,0,0,2,2
340,240,340,4.87234729190741,0,73.16214143870765,0,0,2,2
341,241,341,4.876775629993318,0,225.81835004470958,0,0,2,2
342,242,342,4.910981869268267,0,29.234432699895397,0,0,2,2
343,243,343,4.897235785465767,0,-72.74799240043714,0,0,2,2
344,244,344,4.896040620806068,0,-836.7047936738905,0,0,2,2
345,245,345,4.908990312729849,0,77.22191430388901,0,0,2,2
346,246,346,4.899006059416689,0,-100.1577152176142,0,0,2,2
347,247,347,4.886201260252601,0,-78.09571920538333,0,0,2,2
348,248,348,4.905156891132031,0,52.75477278285355,0,0,2,2
349,249,349,4.930502066373779,0,39.455241104540654,0,0,2,2
350,250,350,4.934917290398596,0,226.48907379991945,0,0,2,2
351,251,351,4.918932549838529,0,-62.55966408977523,0,0,2,2
352,252,352,4.904992992614903,0,-71.73829010186259,0,0,2,2
353,253,353,4.943309335770937,0,26.098523962157845,0,0,2,2
354,254,354,4.925565101350886,0,-56.35633391260906,0,0,2,2
355,255,355,4.953399067836742,0,35.9273264379389,0,0,2,2
356,256,356,4.938856853388838,0,-68.76531793575408,0,0,2,2
357,257,357,4.948925013674151,0,99.32301151967181,0,0,2,2
358,258,358,4.957072184952885,0,122.74198808243764,0,0,2,2
359,259,359,4.986011903233042,0,34.554586548469736,0,0,2,2
360,260,360,4.985032143282887,0,-1020.658172282288,0,0,2,2
361,261,361,4.9526166857788025,0,-30.849479754342173,0,0,2,2
362,262,362,4.965105116564099,0,80.07411156711231,0,0,2,2
363,263,363,4.962908472299512,0,-455.23984748981127,0,0,2,2
364,264,364,4.962784523592501,0,-8067.853421906896,0,0,2,2
365,265,365,4.982238136138469,0,51.40433416348967,0,0,2,2
366,266,366,5.003556296007013,0,46.90836386284651,0,0,2,2
367,267,367,5.006533137572532,0,335.9265106961384,0,0,2,2
368,268,368,5.042377532944156,0,27.89836429467743,0,0,2,2
369,269,369,5.010200942877178,0,-31.078495201587472,0,0,2,2
370,270,370,5.065977941355486,0,17.928537341228722,0,0,2,2
371,271,371,5.14417781510592,0,12.787744430270987,0,0,2,2
372,272,372,5.152960852414385,0,113.85582969529389,0,0,2,2
373,273,373,5.157122104233231,0,240.31230108953,0,0,2,2
374,274,374,5.17398886425325,0,59.288209401990926,0,0,2,2
375,275,375,5.125793284366767,0,-20.748790705607213,0,0,2,2
376,276,376,5.114961990855062,0,-92.32507630961314,0,0,2,2
377,277,377,5.152774638983377,0,26.446177390341813,0,0,2,2
378,278,378,5.148830720715202,0,-253.55495017972896,0,0,2,2
379,279,379,5.132605237273938,0,-61.6314455972894,0,0,2,2
380,280,380,5.157192922612855,0,40.67076612605052,0,0,2,2
381,281,381,5.151233643517905,0,-167.8055321905426,0,0,2,2
382,282,382,5.152600687763142,0,731.5052190038572,0,0,2,2
383,283,383,5.183587535401436,0,32.27175644560177,0,0,2,2
384,284,384,5.210194831258836,0,37.58367649833435,0,0,2,2
385,285,385,5.1942744560153065,0,-62.812589822994276,0,0,2,2
386,286,386,5.232642338536899,0,26.063465958467177,0,0,2,2
387,287,387,5.210855982371765,0,-45.90028696952742,0,0,2,2
388,288,388,5.228593780450486,0,56.3767833843849,0,0,2,2
389,289,389,5.26045089487634,0,31.390162543674517,0,0,2,2
390,290,390,5.267372935856252,0,144.46606180200345,0,0,2,2
391,291,391,5.222601795668052,0,-22.33581713122355,0,0,2,2
392,292,392,5.234227196348149,0,86.01854056626684,0,0,2,2
393,293,393,5.308246204530288,0,13.510043224833423,0,0,2,2
394,294,394,5.322136291773016,0,71.99378826965705,0,0,2,2
395,295,395,5.302814798346734,0,-51.755833668621385,0,0,2,2
396,296,396,5.278787855831652,0,-41.61994391805302,0,0,2,2
397,297,397,5.316796738878002,0,26.30963921724667,0,0,2,2
398,298,398,5.351997164620049,0,28.408747306868737,0,0,2,2
399,299,399,5.305449559061097,0,-21.483382184579114,0,0,2,2
400,300,400,5.330544328079895,0,39.8489421939255,0,0,2,2
401,301,401,5.364430293975438,0,29.510742089589794,0,0,2,2
402,302,402,5.3638137886986,0,-1622.0461325631336,0,0,2,2
403,303,403,5.4247404565824535,0,16.41317398001044,0,0,2,2
404,304,404,5.388487031093089,0,-27.583600349527057,0,0,2,2
405,305,405,5.462523363913482,0,13.506881849833517,0,0,2,2
406,306,406,5.561036001130522,0,10.15098192729149,0,0,2,2
407,307,407,5.637488008467535,0,13.080101292721205,0,0,2,2
408,308,408,5.520300775113705,0,-8.533352749959068,0,0,2,2
409,309,409,5.628650819915369,0,9.229345514628228,0,0,2,2
410,310,410,5.640345522309668,0,85.50880272827159,0,0,2,2
411,311,411,5.630010526713564,0,-96.75862855489963,0,0,2,2
412,312,412,5.602954492960164,0,-36.960332364840184,0,0,2,2
413,313,413,5.6000703051977005,0,-346.7180649660442,0,0,2,2
414,314,414,5.628438228512836,0,35.25108231896727,0,0,2,2
415,315,415,5.643174484464345,0,67.8598419632907,0,0,2,2
416,316,416,5.708888693949623,0,15.217408956643283,0,0,2,2
417,317,417,5.653946203341697,0,-18.20084945067514,0,0,2,2
418,318,418,5.648796304635435,0,-194.17857651920642,0,0,2,2
419,319,419,5.705353007630287,0,17.68137014795613,0,0,2,2
420,320,420,5.666340494307345,0,-25.632801243080458,0,0,2,2
421,321,421,5.665778620824592,0,-1779.7600895849916,0,0,2,2
422,322,422,5.648050646139988,0,-56.40802278832561,0,0,2,2
423,323,423,5.759800481550704,0,8.948559041046362,0,0,2,2
424,324,424,5.6493738886832725,0,-9.055789679217183,0,0,2,2
425,325,425,5.737623293591813,0,11.331521170441578,0,0,2,2
426,326,426,5.729632440963272,0,-125.14309129269007,0,0,2,2
427,327,427,5.731647286095092,0,496.3160613225213,0,0,2,2
428,328,428,5.745378472236157,0,72.82692039323176,0,0,2,2
429,329,429,5.701343580445914,0,-22.709264388871887,0,0,2,2
430,330,430,5.732506527432899,0,32.08939130235804,0,0,2,2
431,331,431,5.790721346380216,0,17.17775676507699,0,0,2,2
432,332,432,5.76078243770585,0,-33.40135109387689,0,0,2,2
433,333,433,5.8083736275662,0,21.012292462835266,0,0,2,2
434,334,434,5.7300590266740254,0,-12.769010996772106,0,0,2,2
435,335,435,5.8639711745790075,0,7.467582408651635,0,0,2,2
436,336,436,5.890015412914429,0,38.396208294559884,0,0,2,2
437,337,437,5.836308123660993,0,-18.61944652021385,0,0,2,2
438,338,438,5.883546636068696,0,21.169167889311705,0,0,2,2
439,339,439,5.913288809520749,0,33.62229063763975,0,0,2,2
440,340,440,5.874534971085968,0,-25.803895572380654,0,0,2,2
441,341,441,5.893517995593075,0,52.678644523985824,0,0,2,2
442,342,442,5.873346282075159,0,-49.574370521961725,0,0,2,2
443,343,443,5.881087203652668,0,129.1835849242445,0,0,2,2
444,344,444,5.959329994179744,0,12.780730253402028,0,0,2,2
445,345,445,5.893372820700629,0,-15.161353151627038,0,0,2,2
446,346,446,5.90974308568063,0,61.08636611695795,0,0,2,2
447,347,447,5.89680575028208,0,-77.29566940902109,0,0,2,2
448,348,448,5.913253265030469,0,60.79945908532718,0,0,2,2
449,349,449,5.964232492934681,0,19.615832587322913,0,0,2,2
450,350,450,5.8748564753845045,0,-11.188683803667974,0,0,2,2
451,351,451,5.919057421678704,0,22.623950024600063,0,0,2,2
452,352,452,5.919919218930429,0,1160.3657333540905,0,0,2,2
453,353,453,5.940757448472921,0,47.9887217846824,0,0,2,2
454,354,454,5.9445381256818175,0,264.50287732757414,0,0,2,2
455,355,455,5.940205492008065,0,-230.80649676387952,0,0,2,2
456,356,456,5.939682191106948,0,-1910.9464513933906,0,0,2,2
457,357,457,5.953313525016773,0,73.360392065466,0,0,2,2
458,358,458,5.985566366381655,0,31.005020261217126,0,0,2,2
459,359,459,6.0074491649559025,0,45.69799409371909,0,0,2,2
460,360,460,6.028456540653282,0,47.60232855381,0,0,2,2
461,361,461,6.07190113104478,0,23.017825487329464,0,0,2,2
462,362,462,6.013693462345122,0,-17.179866885922532,0,0,2,2
463,363,463,6.049910442325916,0,27.611358001973308,0,0,2,2
464,364,464,6.053133253617463,0,310.2881023852993,0,0,2,2
465,365,465,6.0621910573392945,0,110.40203902737967,0,0,2,2
466,366,466,6.123721313991021,0,16.252166891813786,0,0,2,2
467,367,467,6.019734370966064,0,-9.6165919577037,0,0,2,2
468,368,468,6.118142550562821,0,10.161756919980196,0,0,2,2
469,369,469,6.045676839321865,0,-13.79962996119495,0,0,2,2
470,370,470,6.05137211007366,0,175.58427747877482,0,0,2,2
471,371,471,6.124214458296489,0,13.72827790972558,0,0,2,2
472,372,472,6.152134292133619,0,35.81683207118975,0,0,2,2
473,373,473,6.096375706102739,0,-17.934457653682028,0,0,2,2
474,374,474,6.150581141734246,0,18.448334347833217,0,0,2,2
475,375,475,6.124966478951965,0,-39.04013917730479,0,0,2,2
476,376,476,6.209324392641413,0,11.854252390372737,0,0,2,2
477,377,477,6.119375158760008,0,-11.117382070407169,0,0,2,2
478,378,478,6.15539577351653,0,27.761880433173797,0,0,2,2
479,379,479,6.170429380094674,0,66.51763798673625,0,0,2,2
480,380,480,6.118494387632304,0,-19.254840572559157,0,0,2,2
481,381,481,6.1401404910303725,0,46.19769117841487,0,0,2,2
482,382,482,6.141184370677751,0,957.9648405940425,0,0,2,2
483,383,483,6.162337601340406,0,47.2741027575255,0,0,2,2
484,384,484,6.171290206256715,0,111.69933324973468,0,0,2,2
485,385,485,6.1743266450327425,0,329.3331674904331,0,0,2,2
486,386,486,6.126429572025019,0,-20.87810250615424,0,0,2,2
487,387,487,6.165943753088694,0,25.30736998923397,0,0,2,2
488,388,488,6.1825797403493965,0,60.11064954120274,0,0,2,2
489,389,489,6.1343349973585575,0,-20.727646951915265,0,0,2,2
490,390,490,6.2504697112122,0,8.610689834395581,0,0,2,2
491,391,491,6.229789339825732,0,-48.355031024943216,0,0,2,2
492,392,492,6.1629838481020105,0,-14.968829271335387,0,0,2,2
493,393,493,6.191070272955811,0,35.604389138359714,0,0,2,2
494,394,494,6.202971934719974,0,84.02188028994891,0,0,2,2
495,395,495,6.187180415154229,0,-63.32512813834517,0,0,2,2
496,396,496,6.1703779052527885,0,-59.51491806079968,0,0,2,2
497,397,497,6.218395632067887,0,20.82564224355501,0,0,2,2
498,398,498,6.198401763869812,0,-50.015334206129,0,0,2,2
499,399,499,6.178399613302961,0,-49.994624160926854,0,0,2,2
500,400,500,6.18875943207469,0,96.52678507551903,0,0,2,2
501,401,501,6.237542434111187,0,20.49894344861846,0,0,2,2
502,402,502,6.176418023930591,0,-16.360076065281067,0,0,2,2
503,403,503,6.196215627765386,0,50.511163287471085,0,0,2,2
504,404,504,6.217518244965044,0,46.942588820309616,0,0,2,2
505,405,505,6.219007384045401,0,671.5289479610324,0,0,2,2
506,406,506,6.2386575115350595,0,50.89025506456842,0,0,2,2
507,407,507,6.212301286907118,0,-37.94170121542517,0,0,2,2
508,408,508,6.205322531859762,0,-143.29203320855086,0,0,2,2
509,409,509,0.0038343370371230513,0,-0.16125161712552444,0,0,2,2
510,410,510,6.198033381319029,0,0.16144137326732128,0,0,2,2
511,411,511,6.280725287357093,0,12.093081994502484,0,0,2,2
512,412,512,6.26154671829958,0,-52.14153344815095,0,0,2,2
513,413,513,0.0,0,-0.15970494911065128,0,0,2,2
514,414,514,6.19010288213871,0,0.16154820348551222,0,0,2,2
515,415,515,6.2793532963729195,0,11.20442978982503,0,0,2,2
516,416,516,6.267087341679619,0,-81.52647103336994,0,0,2,2
517,417,517,0.04122319599762771,0,-0.1606202732023248,0,0,2,2
518,418,518,6.2554384956196705,0,0.16092136364519288,0,0,2,2
519,419,519,6.256546757630309,0,902.3137041609483,0,0,2,2
520,420,520,6.2525670072386585,0,-251.27204010031363,0,0,2,2
521,421,521,6.252840083677671,0,3661.9783223206437,0,0,2,2
522,422,522,6.253385756193796,0,1832.6010023390393,0,0,2,2
523,423,523,6.265490184412648,0,82.6143938333745,0,0,2,2
524,424,524,0.02277039089380975,0,-0.1601865906328513,0,0,2,2
525,425,525,6.27489853089956,0,0.15994553816024,0,0,2,2
526,426,526,6.232888303377336,0,-23.803727305951252,0,0,2,2
527,427,527,6.258247990551425,0,39.432663074083024,0,0,2,2
528,428,528,6.268343510401557,0,99.05383921233924,0,0,2,2
529,429,529,6.2469128646356085,0,-46.66214965807999,0,0,2,2
530,430,530,6.2814238593954075,0,28.976272835950663,0,0,2,2
531,431,531,6.22579136525165,0,-17.975106372472712,0,0,2,2
532,432,532,6.2421207915697305,0,61.239138504993505,0,0,2,2
533,433,533,0.01061348556740217,0,-0.16047481787219883,0,0,2,2
534,434,534,6.277209800045531,0,0.15957625955411145,0,0,2,2
535,435,535,6.25185954246836,0,-39.44733093759648,0,0,2,2
536,436,536,6.269070673149448,0,58.10193522606756,0,0,2,2
537,437,537,6.241648680183923,0,-36.46707959035627,0,0,2,2
538,438,538,0.010413508746240597,0,-0.16048182623306095,0,0,2,2
539,439,539,0.002635474049765171,0,-128.56718168834405,0,0,2,2
540,440,540,6.256014450204158,0,0.1599135449511753,0,0,2,2
541,441,541,6.225755287198378,0,-33.04784074195963,0,0,2,2
542,442,542,0.006096556077654614,0,-0.1607805256253681,0,0,2,2
543,443,543,0.00610719969432116,0,93953.02661952138,0,0,2,2
544,444,544,6.252511938760836,0,0.16009209165486185,0,0,2,2
545,445,545,6.264119044144614,0,86.15412430024158,0,0,2,2
546,446,546,6.232793358195722,0,-31.92268484180997,0,0,2,2
547,447,547,6.220798316659236,0,-83.36778134183551,0,0,2,2
548,448,548,0.0,0,-0.16075107230562513,0,0,2,2
549,449,549,6.2647162683987565,0,0.15962414851001658,0,0,2,2
550,450,550,0.019413779662733062,0,-0.16012034674118536,0,0,2,2
551,451,551,0.004285783710579959,0,-66.10260890886042,0,0,2,2
552,452,552,6.252772783094645,0,0.1600387421944822,0,0,2,2
553,453,553,6.2689226345906786,0,61.9200740171279,0,0,2,2
554,454,554,6.244798882206882,0,-41.4529209258375,0,0,2,2
555,455,555,6.216988521674271,0,-35.95782222338915,0,0,2,2
556,456,556,6.265828612393807,0,20.474982443060835,0,0,2,2
557,457,557,6.256519519201374,0,-107.42184865147985,0,0,2,2
558,458,558,6.279057363465398,0,44.36981586549766,0,0,2,2
559,459,559,0.005703360212189639,0,-0.15940436319733023,0,0,2,2
560,460,560,6.270020377397872,0,0.1596343220268986,0,0,2,2
561,461,561,6.281185309661557,0,89.56615019086202,0,0,2,2
562,462,562,6.237019864084331,0,-22.642135428056605,0,0,2,2
563,463,563,6.261856033193551,0,40.263858552516595,0,0,2,2
564,464,564,6.270135075233884,0,120.7869213766896,0,0,2,2
565,465,565,6.267389872254733,0,-364.27178886033886,0,0,2,2
566,466,566,0.0006061064490006746,0,-0.1595714863270742,0,0,2,2
567,467,567,6.252338313202669,0,0.1599556677939136,0,0,2,2
568,468,568,6.253731219474738,0,717.9233951718894,0,0,2,2
569,469,569,6.245056655849958,0,-115.27957408063668,0,0,2,2
570,470,570,6.244545771151507,0,-1957.3888257581084,0,0,2,2
571,471,571,0.0002500156207673137,0,-0.16014616205747034,0,0,2,2
572,472,572,0.015283487002356414,0,66.51823618227395,0,0,2,2
573,473,573,0.020023494059222623,0,210.9701500446998,0,0,2,2
574,474,574,6.252647847344017,0,0.1604460566395226,0,0,2,2
575,475,575,6.261997681812225,0,106.95376516025087,0,0,2,2
576,476,576,6.282618092081252,0,48.495640336606854,0,0,2,2
577,477,577,6.271608772459326,0,-90.83213444075392,0,0,2,2
578,478,578,0.00761890019589884,0,-0.1596426591345462,0,0,2,2
579,479,579,6.1991789419622805,0,0.1615101837427569,0,0,2,2
580,480,580,0.020901838338561598,0,-0.16185742128877226,0,0,2,2
581,481,581,6.260195833975897,0,0.16027454399475713,0,0,2,2
582,482,582,6.271862951850801,0,85.71097084318924,0,0,2,2
583,483,583,0.015290843569911682,0,-0.15983193075908922,0,0,2,2
584,484,584,0.02480709559109271,0,105.08338763771974,0,0,2,2
585,485,585,0.040399495740894846,0,64.13380816247778,0,0,2,2
586,486,586,0.021802978760637297,0,-53.77351044077882,0,0,2,2
587,487,587,6.2805849083489065,0,0.159775498052188,0,0,2,2
588,488,588,6.268618894179151,0,-83.57001636581302,0,0,2,2
589,489,589,6.277427489524594,0,113.52547832923221,0,0,2,2
590,490,590,6.248630442269619,0,-34.72578251324844,0,0,2,2
591,491,591,0.0014038033875369272,0,-0.16007102956311928,0,0,2,2
592,492,592,6.261242018371668,0,0.15974853752710524,0,0,2,2
593,493,593,6.272270979481611,0,90.6703714004798,0,0,2,2
594,494,594,0.03587892998300338,0,-0.160349123670055,0,0,2,2
595,495,595,0.011848439732338274,0,-41.61379936775624,0,0,2,2
596,496,596,6.265576501135708,0,0.1599046185221547,0,0,2,2
597,497,597,6.258942506809701,0,-150.7387481595677,0,0,2,2
598,498,598,6.2808986166830145,0,45.545408807388554,0,0,2,2
599,499,599,0.00282418641936157,0,-0.15928450850781076,0,0,2,2
600,500,600,0.02907757694093399,0,38.0903182458776,0,0,2,2
601,501,601,0.0063085670465025945,0,-43.91934496214389,0,0,2,2
602,502,602,6.259676890684979,0,0.15991381736141802,0,0,2,2
603,503,603,6.280203356686297,0,48.71759220197963,0,0,2,2
604,504,604,6.265931055990489,0,-70.0657883626096,0,0,2,2
605,505,605,0.0107436716511348,0,-0.15986731308859353,0,0,2,2
606,506,606,0.03149135100858705,0,48.198161479723055,0,0,2,2
607,507,607,6.244118218372643,0,0.16096250770397358,0,0,2,2
608,508,608,6.23584138094368,0,-120.81909407821821,0,0,2,2
609,509,609,0.011742352740380822,0,-0.16066582415682876,0,0,2,2
610,510,610,6.2722969792133485,0,0.15973025708800082,0,0,2,2
611,511,611,6.258033379499206,0,-70.10852940639242,0,0,2,2
612,512,612,0.018780913560018302,0,-0.16027561081381425,0,0,2,2
613,513,613,0.02066575057673105,0,530.5498518614899,0,0,2,2
614,514,614,0.0021576602102701503,0,-54.03042562468422,0,0,2,2
615,515,615,6.282587712384627,0,0.15922476513432204,0,0,2,2
616,516,616,6.226802501399747,0,-17.925897963727913,0,0,2,2
617,517,617,6.275536663226539,0,20.51948699875315,0,0,2,2
618,518,618,6.259878356827784,0,-63.86386717272841,0,0,2,2
619,519,619,6.273046237460247,0,75.94236520755476,0,0,2,2
620,520,620,6.279270921977185,0,160.6507120608168,0,0,2,2
621,521,621,0.010317037385057322,0,-0.1595162475924103,0,0,2,2
622,522,622,6.264372851158239,0,0.159896238501377,0,0,2,2
623,523,623,0.03784363843132624,0,-0.16060311705532807,0,0,2,2
624,524,624,0.001315680517055978,0,-27.376290849517577,0,0,2,2
625,525,625,6.249104980700684,0,0.16005661394032752,0,0,2,2
626,526,626,6.262334630862711,0,75.58778862273641,0,0,2,2
627,527,627,6.258161762666202,0,-239.6433227477929,0,0,2,2
628,528,628,6.267188159971351,0,110.78617151380423,0,0,2,2
629,529,629,0.0,0,-0.15956118987890278,0,0,2,2
630,530,630,6.258692863408206,0,0.15977777178467334,0,0,2,2
631,531,631,6.273673561136927,0,66.75256507464456,0,0,2,2
632,532,632,6.257553717847377,0,-62.035342530176564,0,0,2,2
633,533,633,0.03043945335226829,0,-0.16058802802152844,0,0,2,2
634,534,634,6.276700313599431,0,0.16009577927881005,0,0,2,2
635,535,635,6.275451096631667,0,-800.5014547550671,0,0,2,2
636,536,636,6.232077290382642,0,-23.05538956527442,0,0,2,2
637,537,637,0.008804598828550298,0,-0.16068715763606967,0,0,2,2
638,538,638,6.251722159588885,0,0.16018151613685708,0,0,2,2
639,539,639,6.207545236927965,0,-22.63625304269139,0,0,2,2
640,540,640,6.27316058016389,0,15.240337864337919,0,0,2,2
641,541,641,6.258844185194048,0,-69.84998682325792,0,0,2,2
642,542,642,6.224060447003989,0,-28.7490664325948,0,0,2,2
643,543,643,6.270404300999151,0,21.577834249702125,0,0,2,2
644,544,644,6.234532156190642,0,-27.876783095579118,0,0,2,2
645,545,645,6.217816370406038,0,-59.82369078461393,0,0,2,2
646,546,646,6.251625150295474,0,29.57811560400272,0,0,2,2
647,547,647,6.268064169630161,0,60.83087924167808,0,0,2,2
648,548,648,6.238794204360772,0,-34.16471426584894,0,0,2,2
649,549,649,6.243885461973322,0,196.4151249261014,0,0,2,2
650,550,650,6.224059904795344,0,-50.43994431141477,0,0,2,2
651,551,651,6.2682462553141995,0,22.631423239474643,0,0,2,2
652,552,652,6.260970480307388,0,-137.44240291430208,0,0,2,2
653,553,653,6.234583610944931,0,-37.89763712639534,0,0,2,2
654,554,654,6.24133802293426,0,148.05137761508857,0,0,2,2
655,555,655,6.280246300027242,0,25.70147214717868,0,0,2,2
656,556,656,6.2665005114594,0,-72.74955489563267,0,0,2,2
657,557,657,6.241952491805348,0,-40.73648359797274,0,0,2,2
658,558,658,6.244854684588761,0,344.5670479629553,0,0,2,2
659,559,659,0.016766011526350676,0,-0.1605629034032829,0,0,2,2
660,560,660,6.257006750183233,0,0.16025022781656897,0,0,2,2
661,561,661,6.24940267059432,0,-131.5083552594634,0,0,2,2
662,562,662,6.250025386176235,0,1605.8695639597497,0,0,2,2
663,563,663,6.248779151861861,0,-802.4173210975562,0,0,2,2
664,564,664,6.251083389911908,0,433.98293851612226,0,0,2,2
665,565,665,6.239538431918302,0,-86.61789852798383,0,0,2,2
666,566,666,6.244768868361179,0,191.18863424136399,0,0,2,2
667,567,667,6.267442152376539,0,44.10477103019385,0,0,2,2
668,568,668,6.228911171872221,0,-25.953141781272556,0,0,2,2
669,569,669,6.2335655997487,0,214.84917728633144,0,0,2,2
670,570,670,6.232077691892755,0,-672.0846294374934,0,0,2,2
671,571,671,6.232623551459744,0,1831.9730210394314,0,0,2,2
672,572,672,6.239747087963222,0,140.37971160978094,0,0,2,2
673,573,673,6.279586119502835,0,25.10101178051142,0,0,2,2
674,574,674,6.192611828961285,0,-11.497650555968226,0,0,2,2
675,575,675,6.259961666295627,0,14.84784580897702,0,0,2,2
676,576,676,6.237018089237417,0,-43.58518279267938,0,0,2,2
677,577,677,6.230276368883519,0,-148.33009195075562,0,0,2,2
678,578,678,6.265284747589013,0,28.56459044883064,0,0,2,2
679,579,679,6.238137489662885,0,-36.836132869152586,0,0,2,2
680,580,680,6.255279294348452,0,58.336914831493466,0,0,2,2
681,581,681,6.214654128550563,0,-24.615284156008816,0,0,2,2
682,582,682,6.26296608589275,0,20.698809466922228,0,0,2,2
683,583,683,6.2468674285270485,0,-62.1169813906655,0,0,2,2
684,584,684,6.2518467458645315,0,200.83074289566892,0,0,2,2
685,585,685,6.207075241692926,0,-22.33563554548174,0,0,2,2
686,586,686,6.2541701356856345,0,21.233724406616588,0,0,2,2
687,587,687,6.207069535773855,0,-21.231152084538785,0,0,2,2
688,588,688,6.244126576227356,0,26.98542538103652,0,0,2,2
689,589,689,6.241504055999747,0,-381.31259750536776,0,0,2,2
690,590,690,6.232387140985842,0,-109.68622593002014,0,0,2,2
691,591,691,6.2337640749965555,0,726.2512162668359,0,0,2,2
692,592,692,6.247297108034317,0,73.89326525766013,0,0,2,2
693,593,693,6.248932715936604,0,611.3934755400358,0,0,2,2
694,594,694,6.25117489724264,0,445.99426340236624,0,0,2,2
695,595,695,6.215015644646839,0,-27.65543887696759,0,0,2,2
696,596,696,0.010540662065480577,0,-0.16117399180550038,0,0,2,2
697,597,697,6.24489783796684,0,0.16040146109457076,0,0,2,2
698,598,698,6.2443408800263365,0,-1795.467713587532,0,0,2,2
699,599,699,6.2374844608183375,0,-145.8487250653173,0,0,2,2
700,600,700,6.2377787572551195,0,3397.934446418932,0,0,2,2
701,601,701,6.239656466243221,0,532.5638884069516,0,0,2,2
702,602,702,6.256957813719906,0,57.798966314479785,0,0,2,2
703,603,703,6.24516135740734,0,-84.77122056856817,0,0,2,2
704,604,704,6.238249652070152,0,-144.68209381259993,0,0,2,2
705,605,705,6.228907338179394,0,-107.03986311027946,0,0,2,2
706,606,706,6.230693844756966,0,559.7516474633426,0,0,2,2
707,607,707,6.262353343497682,0,31.58609705699318,0,0,2,2
708,608,708,6.245200871265586,0,-58.30063366194017,0,0,2,2
709,609,709,6.240044158715909,0,-193.92199785550483,0,0,2,2
710,610,710,6.25721711978334,0,58.23107593812146,0,0,2,2
711,611,711,6.248506168051621,0,-114.79801872380067,0,0,2,2
712,612,712,6.232071736129543,0,-60.84785922271828,0,0,2,2
713,613,713,6.218493132095274,0,-73.64527292174311,0,0,2,2
714,614,714,6.181487086163611,0,-27.022611436159643,0,0,2,2
715,615,715,6.251989394156171,0,14.183932816859445,0,0,2,2
716,616,716,6.219919931984682,0,-31.182312776328793,0,0,2,2
717,617,717,6.242875748318034,0,43.56194462782565,0,0,2,2
718,618,718,6.245835749496283,0,337.8377033591033,0,0,2,2
719,619,719,6.258744676519654,0,77.46577218924482,0,0,2,2
720,620,720,6.255696593164254,0,-328.0750174461322,0,0,2,2
721,621,721,0.005985712275671226,0,-0.16000740179165218,0,0,2,2
722,622,722,6.247265894711671,0,0.1602235392050122,0,0,2,2
723,623,723,6.229797353139526,0,-57.24576352696835,0,0,2,2
724,624,724,6.238122728504631,0,120.1147042800576,0,0,2,2
725,625,725,6.226820191650474,0,-88.4757123912638,0,0,2,2
726,626,726,6.258328549126359,0,31.737611227921132,0,0,2,2
727,627,727,6.213826635271365,0,-22.470943682521746,0,0,2,2
728,628,728,6.213043372539738,0,-1276.7108144183173,0,0,2,2
729,629,729,6.230273428492583,0,58.038116808021734,0,0,2,2
730,630,730,6.2483086068097755,0,55.44719228235916,0,0,2,2
731,631,731,6.252748394151368,0,225.23601313781012,0,0,2,2
732,632,732,6.264662206841736,0,83.93618617224514,0,0,2,2
733,633,733,6.219397959261889,0,-22.092491391489162,0,0,2,2
734,634,734,6.244892958913911,0,39.22337766812642,0,0,2,2
735,635,735,6.227361298297533,0,-57.039662236318826,0,0,2,2
736,636,736,6.212906248095315,0,-69.17997419660306,0,0,2,2
737,637,737,6.26601099753905,0,18.83070743153608,0,0,2,2
738,638,738,6.240673761949909,0,-39.46760476224013,0,0,2,2
739,639,739,6.24287523631882,0,454.2410368803857,0,0,2,2
740,640,740,6.247986287314449,0,195.6544751471485,0,0,2,2
741,641,741,6.249757572342416,0,564.561876948536,0,0,2,2
742,642,742,6.227753418083406,0,-45.445963895228346,0,0,2,2
743,643,743,6.214675138026327,0,-76.46265377676481,0,0,2,2
744,644,744,6.249040824013141,0,29.098793499530032,0,0,2,2
745,645,745,6.222629818818853,0,-37.86300417737492,0,0,2,2
746,646,746,6.262115628444082,0,25.3255539012947,0,0,2,2
747,647,747,6.242648085523967,0,-51.367550805127735,0,0,2,2
748,648,748,6.261406284040594,0,53.310023300673116,0,0,2,2
749,649,749,6.226741667487921,0,-28.847859848110303,0,0,2,2
750,650,750,6.260248117230984,0,29.845000221398468,0,0,2,2
751,651,751,6.229760258493397,0,-32.79994205585704,0,0,2,2
752,652,752,6.238206589074641,0,118.39460821253788,0,0,2,2
753,653,753,6.238163281657786,0,-23090.73301094721,0,0,2,2
754,654,754,6.2215426151159585,0,-60.16605877287766,0,0,2,2
755,655,755,6.263412603276562,0,23.88345552342262,0,0,2,2
756,656,756,6.231340151703998,0,-31.179406343088804,0,0,2,2
757,657,757,6.247828765928886,0,60.64791051334165,0,0,2,2
758,658,758,6.264320705886102,0,60.6356803744264,0,0,2,2
759,659,759,6.244536463367195,0,-50.54527607232638,0,0,2,2
760,660,760,6.2547249895010655,0,98.14962310158495,0,0,2,2
761,661,761,6.22831094890882,0,-37.8586531094221,0,0,2,2
762,662,762,6.2092892808296005,0,-52.5716249403197,0,0,2,2
763,663,763,6.259429023254709,0,19.944258818115237,0,0,2,2
764,664,764,6.2305275853818145,0,-34.60035463972032,0,0,2,2
765,665,765,6.246605359934183,0,62.1976627886418,0,0,2,2
766,666,766,6.256720204075999,0,98.86459800856605,0,0,2,2
767,667,767,6.211581371776916,0,-22.153873927755612,0,0,2,2
768,668,768,6.250566869987283,0,25.650563566071575,0,0,2,2
769,669,769,6.244946520030776,0,-177.92486370751183,0,0,2,2
770,670,770,6.231176462167985,0,-72.62133608764003,0,0,2,2
771,671,771,6.228334236901761,0,-351.8369961323771,0,0,2,2
772,672,772,6.258471386407407,0,33.181638489488144,0,0,2,2
773,673,773,6.206850188138902,0,-19.371886619108658,0,0,2,2
774,674,774,6.236087850129118,0,34.20246120687238,0,0,2,2
775,675,775,6.259331578381701,0,43.02235808013514,0,0,2,2
776,676,776,6.2764627191928195,0,58.37322867318838,0,0,2,2
777,677,777,6.249096114301417,0,-36.54088638207947,0,0,2,2
778,678,778,6.221858795854532,0,-36.71433375315827,0,0,2,2
779,679,779,6.226583279387729,0,211.66334753278625,0,0,2,2
780,680,780,6.24318076215955,0,60.250100195780966,0,0,2,2
781,681,781,6.223711134755962,0,-51.36205122321356,0,0,2,2
782,682,782,6.261781666368083,0,26.267035359222533,0,0,2,2
783,683,783,6.250191714543832,0,-86.28163560676423,0,0,2,2
784,684,784,6.2570327049358445,0,146.17766473807868,0,0,2,2
785,685,785,6.233483033514811,0,-42.46343747738434,0,0,2,2
786,686,786,6.230792970173248,0,-371.73845855199113,0,0,2,2
787,687,787,6.209451623955832,0,-46.857400175813055,0,0,2,2
788,688,788,6.261265657847033,0,19.29979051814053,0,0,2,2
789,689,789,6.250420176560308,0,-92.2042990590026,0,0,2,2
790,690,790,6.2482417166296695,0,-459.0398868190409,0,0,2,2
791,691,791,6.26130742955867,0,76.53619863179611,0,0,2,2
792,692,792,6.232422354138029,0,-34.61995461107245,0,0,2,2
793,693,793,6.242812930445703,0,96.24105250652835,0,0,2,2
794,694,794,6.241719790549699,0,-914.7959960618128,0,0,2,2
795,695,795,6.2589646922396485,0,57.9881531353019,0,0,2,2
796,696,796,6.231799427194091,0,-36.811715193021776,0,0,2,2
797,697,797,6.273453894048802,0,24.007029149789943,0,0,2,2
798,698,798,0.0023972556817512514,0,-0.15946276005256982,0,0,2,2
799,699,799,6.269456434169609,0,0.15956447378581867,0,0,2,2
800,700,800,6.27335350205133,0,256.6031771451717,0,0,2,2
801,701,801,6.249509104550919,0,-41.938572781416354,0,0,2,2
802,702,802,6.238533314034071,0,-91.10961059843581,0,0,2,2
803,703,803,6.240073812458485,0,649.1405535713916,0,0,2,2
804,704,804,6.246491154668944,0,155.8277503684004,0,0,2,2
805,705,805,6.241476914067272,0,-199.4319936834605,0,0,2,2
806,706,806,6.282214763309726,0,24.547196737079318,0,0,2,2
807,707,807,6.253102437452176,0,-34.3497116957644,0,0,2,2
808,708,808,6.275284705008569,0,45.08105393002522,0,0,2,2
809,709,809,6.2572146768174335,0,-55.34025677339929,0,0,2,2
810,710,810,6.2449962258291585,0,-81.84343506059922,0,0,2,2
811,711,811,6.25533412397469,0,96.73146184287792,0,0,2,2
812,712,812,6.254266192552972,0,-936.3897153543694,0,0,2,2
813,713,813,6.250623869765992,0,-274.5500765540418,0,0,2,2
814,714,814,0.011277975843337283,0,-0.1602732108463542,0,0,2,2
815,715,815,6.252817505620836,0,0.16021688162498082,0,0,2,2
816,716,816,0.022436157562867067,0,-0.16050381896955687,0,0,2,2
817,717,817,6.266748021922432,0,0.1601457489187342,0,0,2,2
818,718,818,6.259684010967809,0,-141.56263437638003,0,0,2,2
819,719,819,6.245775214823404,0,-71.89694849343523,0,0,2,2
820,720,820,6.262762157617651,0,58.868744783119844,0,0,2,2
821,721,821,6.2762817976606255,0,73.96646632760302,0,0,2,2
822,722,822,6.247002011009316,0,-34.153254322134366,0,0,2,2
823,723,823,0.019938779399108545,0,-0.1605893440946187,0,0,2,2
824,724,824,6.268392740602401,0,0.1600395883860246,0,0,2,2
825,725,825,0.002282728792220464,0,-0.15958864400963743,0,0,2,2
826,726,826,6.26970072160443,0,0.15955533860145443,0,0,2,2
827,727,827,6.251126954928255,0,-53.8393755792532,0,0,2,2
828,728,828,6.259029138063804,0,126.54730760432099,0,0,2,2
829,729,829,6.247530836176216,0,-86.96936380487978,0,0,2,2
830,730,830,6.246552893747971,0,-1022.5550820972496,0,0,2,2
831,731,831,6.247331677798987,0,1284.0530037767198,0,0,2,2
832,732,832,0.011449881294169942,0,-0.16036224428764756,0,0,2,2
833,733,833,0.01549691431189112,0,247.09459883850536,0,0,2,2
834,734,834,0.008774453592388109,0,-148.7550529077587,0,0,2,2
835,735,835,6.268310009604544,0,0.15975626163502185,0,0,2,2
836,736,836,6.280365705367362,0,82.94834405860212,0,0,2,2
837,737,837,6.239604397013572,0,-24.53306923616041,0,0,2,2
838,738,838,6.239758433896049,0,6491.951693130165,0,0,2,2
839,739,839,6.245790258201816,0,165.78732226068408,0,0,2,2
840,740,840,0.002200821756172056,0,-0.1601642789262711,0,0,2,2
841,741,841,6.279811216045366,0,0.15929628269217058,0,0,2,2
842,742,842,6.253091302373223,0,-37.42527061539678,0,0,2,2
843,743,843,0.011594447150579163,0,-0.16021797706478674,0,0,2,2
844,744,844,6.276913562559232,0,0.1596087895252843,0,0,2,2
845,745,845,6.26811142924831,0,-113.60882239299973,0,0,2,2
846,746,846,6.27935890598089,0,88.90883028932011,0,0,2,2
847,747,847,6.20823795831212,0,-14.06055505133707,0,0,2,2
848,748,848,6.2783699349047595,0,14.2588309724747,0,0,2,2
849,749,849,0.011635069280568278,0,-0.1595727314850101,0,0,2,2
850,750,850,6.276991660209837,0,0.1596078348433926,0,0,2,2
851,751,851,6.262716649963828,0,-70.0524891237526,0,0,2,2
852,752,852,6.260802726013923,0,-522.4867999847083,0,0,2,2
853,753,853,6.266197795420199,0,185.35442729182617,0,0,2,2
854,754,854,0.0011703429614751118,0,-0.15961621997482994,0,0,2,2
855,755,855,6.234677476776023,0,0.16042333449421395,0,0,2,2
856,756,856,6.251109786244397,0,60.85571854185156,0,0,2,2
857,757,857,6.222964094413509,0,-35.52941622499282,0,0,2,2
858,758,858,6.270828249628132,0,20.892461081074053,0,0,2,2
859,759,859,6.2692102865032,0,-618.0610575051796,0,0,2,2
860,760,860,6.257502457329923,0,-85.41293054415966,0,0,2,2
861,761,861,6.253568600938875,0,-254.2034839593219,0,0,2,2
862,762,862,6.26041828184449,0,145.99220223241863,0,0,2,2
863,763,863,6.27598883325889,0,64.22380128908821,0,0,2,2
864,764,864,6.2689005644075,0,-141.07817027902877,0,0,2,2
865,765,865,6.267519862575837,0,-724.2693368454644,0,0,2,2
866,766,866,0.014646198156783245,0,-0.15992646799987903,0,0,2,2
867,767,867,6.259769108474763,0,0.16012495099941654,0,0,2,2
868,768,868,6.264478901513923,0,212.32355470515645,0,0,2,2
869,769,869,6.258732331060358,0,-174.01683457647218,0,0,2,2
870,770,870,6.27778592395196,0,52.48353975489607,0,0,2,2
871,771,871,6.272104660714598,0,-176.01719163859414,0,0,2,2
872,772,872,6.253737937328378,0,-54.44629284013925,0,0,2,2
873,773,873,6.269969361228873,0,61.6088894067682,0,0,2,2
874,774,874,0.019179364108376663,0,-0.15997977862968718,0,0,2,2
875,775,875,6.247046860361513,0,0.16056860564256203,0,0,2,2
876,776,876,6.261452941855546,0,69.4151286325987,0,0,2,2
877,777,877,6.274511870721312,0,76.57595889211558,0,0,2,2
878,778,878,6.256737906588016,0,-56.26206919854775,0,0,2,2
879,779,879,6.24372490204812,0,-76.84620388274769,0,0,2,2
880,780,880,6.18471206530937,0,-16.945465686169214,0,0,2,2
881,781,881,0.0,0,-0.1616890146930354,0,0,2,2
882,782,882,6.276976616885843,0,0.15931236661131992,0,0,2,2
883,783,883,6.267798706841633,0,-108.95726752419684,0,0,2,2
884,784,884,6.272380324798575,0,218.26350634166474,0,0,2,2
885,785,885,6.268618516096866,0,-265.8295727652717,0,0,2,2
886,786,886,6.268424675162982,0,-5158.869078704113,0,0,2,2
887,787,887,6.278407115458346,0,100.17590593198435,0,0,2,2
888,788,888,6.280664656962979,0,442.959740916227,0,0,2,2
889,789,889,6.239974413344225,0,-24.57591577404808,0,0,2,2
890,790,890,6.25325523428907,0,75.29655012690492,0,0,2,2
891,791,891,0.006372159084121479,0,-0.16007983308815044,0,0,2,2
892,792,892,6.274083156348942,0,0.15954787967032816,0,0,2,2
893,793,893,6.2495083778314235,0,-40.69212665689508,0,0,2,2
894,794,894,6.2421899008364905,0,-136.64045137975447,0,0,2,2
895,795,895,6.273020472855345,0,32.43533721620379,0,0,2,2
896,796,896,6.2516414777606695,0,-46.774883270778965,0,0,2,2
897,797,897,6.247695021646014,0,-253.39189666557917,0,0,2,2
898,798,898,6.2580205522987,0,96.84732278043774,0,0,2,2
899,799,899,6.277023351514226,0,52.623826029954245,0,0,2,2
900,800,900,6.271698355545313,0,-187.7935693919497,0,0,2,2
901,801,901,6.264892948439684,0,-146.94198076303775,0,0,2,2
902,802,902,6.2576622077686075,0,-138.29841858388025,0,0,2,2
903,803,903,0.01927236038862388,0,-0.16029777305757556,0,0,2,2
904,804,904,6.266461889663178,0,0.1600719804183888,0,0,2,2
905,805,905,6.253069861158414,0,-74.6712867019538,0,0,2,2
906,806,906,6.262904112526532,0,101.6854219571746,0,0,2,2
907,807,907,6.2823770086393385,0,51.35342961863486,0,0,2,2
908,808,908,6.277124775136587,0,-190.3951908223547,0,0,2,2
909,809,909,6.282937244984481,0,172.04390322338364,0,0,2,2
910,810,910,6.248028883463486,0,-28.646431869870657,0,0,2,2
911,811,911,6.2687642495148825,0,48.226783048889196,0,0,2,2
912,812,912,0.029215429261445554,0,-0.16026799834533265,0,0,2,2
913,813,913,6.242266051764375,0,0.16095152941103025,0,0,2,2
914,814,914,6.261153740837199,0,52.94453949047797,0,0,2,2
915,815,915,6.250425583861379,0,-93.21265546858274,0,0,2,2
916,816,916,6.257888483463127,0,133.99617486020665,0,0,2,2
917,817,917,6.270902284331877,0,76.84150157862817,0,0,2,2
918,818,918,6.280083886051497,0,108.91345873378975,0,0,2,2
919,819,919,6.259330338900195,0,-48.184534080346864,0,0,2,2
920,820,920,6.2399723209453635,0,-51.658181242176006,0,0,2,2
921,821,921,6.279967728609395,0,25.002870539542272,0,0,2,2
922,822,922,6.245323624741024,0,-28.86494059131868,0,0,2,2
923,823,923,6.2098167778496105,0,-28.163582169325796,0,0,2,2
924,824,924,0.010916410699983725,0,-0.1613189341289283,0,0,2,2
925,825,925,6.275974270362434,0,0.15961544528399266,0,0,2,2
926,826,926,0.005695408738511046,0,-0.15948254010205418,0,0,2,2
927,827,927,6.281195118422002,0,0.1593498599732125,0,0,2,2
928,828,928,6.252199404339013,0,-34.48785558920458,0,0,2,2
929,829,929,6.243492536063396,0,-114.8518581360018,0,0,2,2
930,830,930,0.0343064038136127,0,-0.16105170286426387,0,0,2,2
931,831,931,0.009843816566528024,0,-40.87875047309949,0,0,2,2
932,832,932,6.26373723656443,0,0.1599003904995131,0,0,2,2
933,833,933,6.258697875899154,0,-198.43787067881286,0,0,2,2
934,834,934,6.234865620196268,0,-41.95993918774971,0,0,2,2
935,835,935,6.260535227462157,0,38.95657575286918,0,0,2,2
936,836,936,6.272344535145588,0,84.67896906463316,0,0,2,2
937,837,937,6.279276022765705,0,144.26917493117597,0,0,2,2
938,838,938,6.270190988912856,0,-110.07113635425644,0,0,2,2
939,839,939,6.245952219859531,0,-41.25622047060353,0,0,2,2
940,840,940,6.259873071425165,0,71.8346859231436,0,0,2,2
941,841,941,6.272843257842649,0,77.09989415818767,0,0,2,2
942,842,942,0.031542712756144044,0,-0.16022301646525497,0,0,2,2
943,843,943,6.244593236568714,0,0.160951531967643,0,0,2,2
944,844,944,6.2643519175853,0,50.61066572007438,0,0,2,2
945,845,945,6.2533143634011354,0,-90.59978173739894,0,0,2,2
946,846,946,6.245023046461341,0,-120.60810209780944,0,0,2,2
947,847,947,6.2696960894468825,0,40.530063542871964,0,0,2,2
948,848,948,0.022478147571803567,0,-0.16007125240453093,0,0,2,2
949,849,949,6.252196297059532,0,0.16052090576236266,0,0,2,2
950,850,950,6.26216943878489,0,100.26930605602027,0,0,2,2
951,851,951,6.241953704555651,0,-49.46642000039883,0,0,2,2
952,852,952,6.255292054949962,0,74.97178964698038,0,0,2,2
953,853,953,0.005251416076687585,0,-0.15999895965160874,0,0,2,2
954,854,954,0.006576689130845896,0,754.5614821506398,0,0,2,2
955,855,955,6.20630670352832,0,0.16129734644536547,0,0,2,2
956,856,956,0.006234981034834758,0,-0.16128845677253387,0,0,2,2
957,857,957,0.01557382063836037,0,107.07968467757799,0,0,2,2
958,858,958,6.262369302004201,0,0.1600820777601884,0,0,2,2
959,859,959,6.279220292178273,0,59.34369373371567,0,0,2,2
960,860,960,6.256497333690879,0,-44.008353954207074,0,0,2,2
961,861,961,0.018411195168507883,0,-0.16030557735082385,0,0,2,2
962,862,962,6.279493429155183,0,0.15971679697349397,0,0,2,2
963,863,963,6.269911408873723,0,-104.36212517049968,0,0,2,2
964,864,964,6.264077450681555,0,-171.41021019698792,0,0,2,2
965,865,965,6.258528992113881,0,-180.23023652482027,0,0,2,2
966,866,966,6.246909574548464,0,-86.0628335602942,0,0,2,2
967,867,967,6.24660510852347,0,-3284.4387153483376,0,0,2,2
968,868,968,6.231987679460355,0,-68.41148300991917,0,0,2,2
969,869,969,6.250627945688743,0,53.64730244448166,0,0,2,2
970,870,970,0.003540434844291779,0,-0.16007459448328182,0,0,2,2
971,871,971,6.278694991417829,0,0.15935862471346623,0,0,2,2
972,872,972,6.231471368123483,0,-21.175842306020503,0,0,2,2
973,873,973,6.279200470545323,0,20.95157774310904,0,0,2,2
974,874,974,6.262624854560878,0,-60.32958298131499,0,0,2,2
975,875,975,6.27060386338425,0,125.32885000337576,0,0,2,2
976,876,976,6.272704578603504,0,476.02835017071027,0,0,2,2
977,877,977,6.241598977679904,0,-32.14855107464896,0,0,2,2
978,878,978,6.238870447005261,0,-366.4976206033576,0,0,2,2
979,879,979,6.2758713374565165,0,27.026376603486884,0,0,2,2
980,880,980,0.003872538289943578,0,-0.159438806036264,0,0,2,2
981,881,981,6.276771185015366,0,0.15941593453323527,0,0,2,2
982,882,982,6.241407282881513,0,-28.277422446623007,0,0,2,2
983,883,983,6.25519203799959,0,72.54390748578314,0,0,2,2
984,884,984,6.275376778537736,0,49.54237574221783,0,0,2,2
985,885,985,0.014253637684708453,0,-0.15971575346843572,0,0,2,2
986,886,986,6.240131486464202,0,0.1606199196786422,0,0,2,2
987,887,987,6.2828114053484585,0,23.430222599810907,0,0,2,2
988,888,988,0.000955052535983477,0,-0.15918861302078105,0,0,2,2
989,889,989,6.258165112828893,0,0.15981563514158073,0,0,2,2
990,890,990,6.271206469597346,0,76.67913835613894,0,0,2,2
991,891,991,0.006375801157232055,0,-0.1596212336652015,0,0,2,2
992,892,992,6.268122896850254,0,0.15969983851436986,0,0,2,2
993,893,993,0.00628631822694939,0,-0.15969755637089061,0,0,2,2
994,894,994,6.260686492128466,0,0.159887434797156,0,0,2,2
995,895,995,6.1814169266568575,0,-12.615182056954346,0,0,2,2
996,896,996,6.2623782024604395,0,12.351584014388225,0,0,2,2
997,897,997,6.261816472065833,0,-1780.2134433204699,0,0,2,2
998,898,998,6.251153543086635,0,-93.7828622839778,0,0,2,2
999,899,999,6.279491277730787,0,35.28863589688386,0,0,2,2
1000,900,1000,6.269915504958806,0,-104.43021402157618,0,0,2,2
1001,901,1001,6.269496322538621,0,-2385.5962269587103,0,0,2,2
1002,902,1002,6.253281312280155,0,-61.67125299707378,0,0,2,2
1003,903,1003,6.254254132763531,0,1027.9388819295261,0,0,2,2
1004,904,1004,6.242008820779827,0,-81.66390544649329,0,0,2,2
1005,905,1005,6.254615275385477,0,79.32444380927086,0,0,2,2
1006,906,1006,6.275986120001117,0,46.792722420908575,0,0,2,2
1007,907,1007,6.273697142885073,0,-436.8763641150856,0,0,2,2
1008,908,1008,6.265531569543493,0,-122.46537483264623,0,0,2,2
1009,909,1009,6.245086512013951,0,-48.91157672484067,0,0,2,2
1010,910,1010,6.263878545100355,0,53.21403998184142,0,0,2,2
1011,911,1011,6.275348559830461,0,87.1838461876804,0,0,2,2
1012,912,1012,6.248199128197465,0,-36.833183600964674,0,0,2,2
1013,913,1013,0.0060477037096878525,0,-0.16020117616452387,0,0,2,2
1014,914,1014,6.282340177257378,0,0.15932973235626596,0,0,2,2
1015,915,1015,6.186767586072776,0,-10.4632508923867,0,0,2,2
1016,916,1016,0.009514891827824912,0,-0.16188426303681117,0,0,2,2
1017,917,1017,0.005317170433691553,0,-238.22448088088396,0,0,2,2
1018,918,1018,0.01051534735495935,0,192.3751375041901,0,0,2,2
1019,919,1019,6.26649410811495,0,0.15984708999851494,0,0,2,2
1020,920,1020,6.229593400736418,0,-27.09975149641115,0,0,2,2
1021,921,1021,6.260356051495064,0,32.506951622786815,0,0,2,2
1022,922,1022,6.261855988040692,0,666.6948698030154,0,0,2,2
1023,923,1023,0.04363541806782458,0,-0.16081771123219638,0,0,2,2
1024,924,1024,0.005725469732545503,0,-26.37830025923295,0,0,2,2
1025,925,1025,0.024709963959112423,0,52.67456631004681,0,0,2,2
1026,926,1026,6.253578215942676,0,0.1605428080264104,0,0,2,2
1027,927,1027,6.258437156085076,0,205.80619861393757,0,0,2,2
1028,928,1028,6.26703423211069,0,116.3186177510342,0,0,2,2
1029,929,1029,6.2584133683927154,0,-115.99765785821937,0,0,2,2
1030,930,1030,6.272801064879257,0,69.50382925685281,0,0,2,2
1031,931,1031,6.242259527864386,0,-32.742294518873884,0,0,2,2
1032,932,1032,6.269953133853372,0,36.10941819558271,0,0,2,2
1033,933,1033,0.03492029663741183,0,-0.16038407913927133,0,0,2,2
1034,934,1034,0.03692075674066864,0,499.88500064158757,0,0,2,2
1035,935,1035,6.2464771321342525,0,0.16104210019940698,0,0,2,2
1036,936,1036,6.255929012825437,0,105.79905022845799,0,0,2,2
1037,937,1037,6.271703778795804,0,63.39238261147409,0,0,2,2
1038,938,1038,0.025320907016948155,0,-0.1600926521039877,0,0,2,2
1039,939,1039,0.0012112641699158037,0,-41.47718016167501,0,0,2,2
1040,940,1040,6.246504519238245,0,0.16012058347915947,0,0,2,2
1041,941,1041,6.233489290810869,0,-76.83307331714788,0,0,2,2
1042,942,1042,0.0152403306476378,0,-0.16081697699889932,0,0,2,2
1043,943,1043,6.253943187802067,0,0.16028973055724532,0,0,2,2
1044,944,1044,6.265550208058386,0,86.15475616625973,0,0,2,2
1045,945,1045,6.274701385143661,0,109.27555992868196,0,0,2,2
1046,946,1046,6.268936182379296,0,-173.45443705483441,0,0,2,2
1047,947,1047,6.2638608218023455,0,-197.03033603986725,0,0,2,2
1048,948,1048,0.02120526021223612,0,-0.16018823882464583,0,0,2,2
1049,949,1049,0.011411772782924604,0,-102.10867244359143,0,0,2,2
1050,950,1050,0.03828907255338533,0,37.20611849182267,0,0,2,2
1051,951,1051,6.278559279855587,0,0.16024947106133738,0,0,2,2
1052,952,1052,6.254205151517235,0,-41.06080029254136,0,0,2,2
1053,953,1053,6.255135492660664,0,1074.874530770343,0,0,2,2
1054,954,1054,6.263643820867223,0,117.53190235763756,0,0,2,2
1055,955,1055,0.0004475774569653377,0,-0.15966288794673122,0,0,2,2
1056,956,1056,0.0013153560319361219,0,1152.3676993680876,0,0,2,2
1057,957,1057,6.257347311020293,0,0.1598457308394393,0,0,2,2
1058,958,1058,6.2661532193641065,0,113.5601190651241,0,0,2,2
1059,959,1059,0.006413594581917129,0,-0.15975105354878008,0,0,2,2
1060,960,1060,6.256176258106319,0,0.16000607604450603,0,0,2,2
1061,961,1061,6.271440880557394,0,65.51095536133522,0,0,2,2
1062,962,1062,0.05479790428390737,0,-0.160858521844766,0,0,2,2
1063,963,1063,6.263939118099418,0,0.16105286795136375,0,0,2,2
1064,964,1064,6.266473265051896,0,394.61010697188686,0,0,2,2
1065,965,1065,6.282624925994435,0,61.913137203511624,0,0,2,2
1066,966,1066,6.257559750139957,0,-39.8959897910047,0,0,2,2
1067,967,1067,6.262345752239831,0,208.94265801226422,0,0,2,2
1068,968,1068,6.282695050875332,0,49.14174281443944,0,0,2,2
1069,969,1069,6.2466939612478525,0,-27.77693704128074,0,0,2,2
1070,970,1070,0.004711786754896429,0,-0.16020551998472043,0,0,2,2
1071,971,1071,0.0036117224444841413,0,-909.0377630969728,0,0,2,2
1072,972,1072,6.269230338126796,0,0.15960116013079456,0,0,2,2
1073,973,1073,0.0049854177741062485,0,-0.1596361593000578,0,0,2,2
1074,974,1074,0.007976896738805245,0,334.28281188018326,0,0,2,2
1075,975,1075,0.012637557832255166,0,214.56183574587666,0,0,2,2
1076,976,1076,0.02892809816374156,0,61.38531808347681,0,0,2,2
1077,977,1077,6.260325825060772,0,0.16047763982126,0,0,2,2
1078,978,1078,6.277955353490732,0,56.723014683736295,0,0,2,2
1079,979,1079,0.0,0,-0.15928752972796628,0,0,2,2
1080,980,1080,6.277028578630157,0,0.15931104781081484,0,0,2,2
1081,981,1081,6.235150952677972,0,-23.879099573165547,0,0,2,2
1082,982,1082,6.277035874549805,0,23.874940081301503,0,0,2,2
1083,983,1083,6.275341849972795,0,-590.3102077570687,0,0,2,2
1084,984,1084,6.267914834741279,0,-134.64359084070898,0,0,2,2
1085,985,1085,0.028559736931305195,0,-0.16027297442182797,0,0,2,2
1086,986,1086,6.265068526509814,0,0.1603461221238148,0,0,2,2
1087,987,1087,6.281790607759744,0,59.80116858983596,0,0,2,2
1088,988,1088,6.25374410096998,0,-35.655064193768865,0,0,2,2
1089,989,1089,6.268022987737648,0,70.03347083501694,0,0,2,2
1090,990,1090,6.272338064701968,0,231.7455767924452,0,0,2,2
1091,991,1091,6.26862820534541,0,-269.5519974988409,0,0,2,2
1092,992,1092,6.273404141304656,0,209.38304209543148,0,0,2,2
1093,993,1093,6.266244228468426,0,-139.66650472891806,0,0,2,2
1094,994,1094,0.001340032698743563,0,-0.15961936028889964,0,0,2,2
1095,995,1095,0.010591335913930841,0,108.09287910468261,0,0,2,2
1096,996,1096,6.250982542931802,0,0.16024636386183796,0,0,2,2
1097,997,1097,6.267513973575892,0,60.490832374360366,0,0,2,2
1098,998,1098,0.029116193394766877,0,-0.16029756922152633,0,0,2,2
1099,999,1099,6.254950134825332,0,0.16062105244172656,0,0,2,2
1100,1000,1100,6.2668233059160565,0,84.22349786412443,0,0,2,2
1101,1001,1101,6.280042116828435,0,75.6497696070063,0,0,2,2
1102,1002,1102,6.279829815963327,0,-4710.2963970027,0,0,2,2
1103,1003,1103,6.247137818297937,0,-30.588525370497404,0,0,2,2
1104,1004,1104,6.263693985412006,0,60.40045338454194,0,0,2,2
1105,1005,1105,0.001309971413776409,0,-0.15968359617754393,0,0,2,2
1106,1006,1106,6.253581954306755,0,0.1599418583734247,0,0,2,2
1107,1007,1107,6.279469124404998,0,38.629174073680225,0,0,2,2
1108,1008,1108,6.27386964732433,0,-178.5881048522169,0,0,2,2
1109,1009,1109,0.024919057718565108,0,-0.1600268694176198,0,0,2,2
1110,1010,1110,6.276800562565332,0,0.15995184797164672,0,0,2,2
1111,1011,1111,0.0018328185276715277,0,-0.15936336899104836,0,0,2,2
1112,1012,1112,6.267108207496996,0,0.1596099034626004,0,0,2,2
1113,1013,1113,6.269343444682233,0,447.37981571015035,0,0,2,2
1114,1014,1114,6.278051975973522,0,114.82992556969053,0,0,2,2
1115,1015,1115,0.004998136127193044,0,-0.1594119906397132,0,0,2,2
1116,1016,1116,0.006653015865272853,0,604.273517277044,0,0,2,2
1117,1017,1117,6.24331856845554,0,0.16034209171031644,0,0,2,2
1118,1018,1118,6.282709003149039,0,25.38687393985626,0,0,2,2
1119,1019,1119,6.2558420889585875,0,-37.22050075834179,0,0,2,2
1120,1020,1120,0.0007504689022630158,0,-0.15986976062726246,0,0,2,2
1121,1021,1121,6.282198059269568,0,0.15919897214990938,0,0,2,2
1122,1022,1122,0.023515468536208613,0,-0.15977803403556615,0,0,2,2
1123,1023,1123,6.27836066966458,0,0.1598760589342164,0,0,2,2
1124,1024,1124,0.022331312524473436,0,-0.15984579721619815,0,0,2,2
1125,1025,1125,6.282629339668933,0,0.15973680416875216,0,0,2,2
1126,1026,1126,6.2740364314303685,0,-116.3750353474105,0,0,2,2
1127,1027,1127,0.005597165326457848,0,-0.15952934335783087,0,0,2,2
1128,1028,1128,0.03166254827278794,0,38.3650607420213,0,0,2,2
1129,1029,1129,0.042878274141521594,0,89.16052440152122,0,0,2,2
1130,1030,1130,6.252443286701332,0,0.16104187619862978,0,0,2,2
1131,1031,1131,0.04102737226579703,0,-0.1609938883139297,0,0,2,2
1132,1032,1132,6.28066642063452,0,0.16026568079469883,0,0,2,2
1133,1033,1133,0.017984027912292255,0,-0.1596759882254424,0,0,2,2
1134,1034,1134,6.280218585459274,0,0.15968740723626235,0,0,2,2
1135,1035,1135,6.280609790878171,0,2556.2018103385917,0,0,2,2
1136,1036,1136,0.010602012389205138,0,-0.159489435313108,0,0,2,2
1137,1037,1137,0.0005492618740471701,0,-99.47526286384578,0,0,2,2
1138,1038,1138,0.007315471576586438,0,147.79323195151835,0,0,2,2
1139,1039,1139,0.02935434412718387,0,45.374371928698864,0,0,2,2
1140,1040,1140,0.024195292066423804,0,-193.83405870354284,0,0,2,2
1141,1041,1141,0.0377960727062532,0,73.52519141964072,0,0,2,2
1142,1042,1142,0.02140369594650675,0,-61.00396633486524,0,0,2,2
1143,1043,1143,0.026549427047057792,0,194.33584469521006,0,0,2,2
1144,1044,1144,0.012000403580507281,0,-68.7331354093344,0,0,2,2
1145,1045,1145,0.04688582865391973,0,28.665266308081748,0,0,2,2
1146,1046,1146,6.274392177496679,0,0.16057791738515484,0,0,2,2
1147,1047,1147,6.2768911336232165,0,400.1670895221807,0,0,2,2
1148,1048,1148,0.03726952535512168,0,-0.1602661287464779,0,0,2,2
1149,1049,1149,0.04432610917706296,0,141.7116306180146,0,0,2,2
1150,1050,1150,0.007773059856803325,0,-27.35749872024349,0,0,2,2
1151,1051,1151,0.028546787411069263,0,48.13772575902718,0,0,2,2
1152,1052,1152,0.0021930882449608057,0,-37.94533714970937,0,0,2,2
1153,1053,1153,0.0016320271115233982,0,-1782.3369690097434,0,0,2,2
1154,1054,1154,6.272579376242239,0,0.15946553914834272,0,0,2,2
1155,1055,1155,0.011487306403834774,0,-0.15971654606666877,0,0,2,2
1156,1056,1156,0.010720836806547153,0,-1304.683191008222,0,0,2,2
1157,1057,1157,0.02043112039096657,0,102.9836040632783,0,0,2,2
1158,1058,1158,0.020844565127764576,0,2418.7029389820514,0,0,2,2
1159,1059,1159,0.00914488849427037,0,-85.47244777151946,0,0,2,2
1160,1060,1160,0.02437260274696705,0,65.66973765106668,0,0,2,2
1161,1061,1161,0.02823417877647979,0,258.96162405125096,0,0,2,2
1162,1062,1162,0.006454125790818009,0,-45.91357058030662,0,0,2,2
1163,1063,1163,0.006681633886319805,0,4395.447985243695,0,0,2,2
1164,1064,1164,0.008422196772417156,0,574.5267855516421,0,0,2,2
1165,1065,1165,6.280362050803272,0,0.15944030447889568,0,0,2,2
1166,1066,1166,0.006322419919892016,0,-0.15938694347380153,0,0,2,2
1167,1067,1167,0.009492663606858551,0,315.4331649996456,0,0,2,2
1168,1068,1168,0.0030531759120795135,0,-155.29185665045574,0,0,2,2
1169,1069,1169,0.010094539295032783,0,142.01795101513179,0,0,2,2
1170,1070,1170,0.018020339877033543,0,126.17021960796843,0,0,2,2
1171,1071,1171,0.021783670623494518,0,265.72206042224616,0,0,2,2
1172,1072,1172,0.01478509181542507,0,-142.88615266387907,0,0,2,2
1173,1073,1173,0.020408222205424036,0,177.83688633266493,0,0,2,2
1174,1074,1174,6.271235809989023,0,0.15997881655772514,0,0,2,2
1175,1075,1175,0.03133073651080594,0,-0.1602588482075393,0,0,2,2
1176,1076,1176,6.281257753362555,0,0.160001868390413,0,0,2,2
1177,1077,1177,0.01982901071550186,0,-0.15970795821549902,0,0,2,2
1178,1078,1178,6.279123973847441,0,0.15976240229772362,0,0,2,2
1179,1079,1179,0.010987284324546672,0,-0.15953704418595185,0,0,2,2
1180,1080,1180,6.233673836316312,0,0.1607022933976835,0,0,2,2
1181,1081,1181,0.03397991264408405,0,-0.16129828541723815,0,0,2,2
1182,1082,1182,0.009646099987910913,0,-41.095080911881446,0,0,2,2
1183,1083,1183,6.260057187425048,0,0.1599894768537586,0,0,2,2
1184,1084,1184,6.279898097906554,0,50.40091284782973,0,0,2,2
1185,1085,1185,6.270106495756717,0,-102.12833249322767,0,0,2,2
1186,1086,1186,0.003104676160258461,0,-0.15956593420366863,0,0,2,2
1187,1087,1187,0.009768400674539294,0,150.06622765645986,0,0,2,2
1188,1088,1188,0.02329526786745435,0,73.9269474401115,0,0,2,2
1189,1089,1189,0.000882028437199793,0,-44.6164867471209,0,0,2,2
1190,1090,1190,0.002159888646680966,0,782.5582114384891,0,0,2,2
1191,1091,1191,6.2815317015719945,0,0.15925159869361824,0,0,2,2
1192,1092,1192,6.2623517195827745,0,-52.13769233787834,0,0,2,2
1193,1093,1193,0.01638152035902642,0,-0.16010322945893665,0,0,2,2
1194,1094,1194,0.010816073353785772,0,-179.68008662347518,0,0,2,2
1195,1095,1195,6.2483915225731455,0,0.1603187020567665,0,0,2,2
1196,1096,1196,6.2596933313681875,0,88.48141196997474,0,0,2,2
1197,1097,1197,0.02956556882198289,0,-0.1605103519725104,0,0,2,2
1198,1098,1198,6.275930021083206,0,0.1600931241913036,0,0,2,2
1199,1099,1199,6.282853769501863,0,144.43043558678713,0,0,2,2
1200,1100,1200,0.012301422148181168,0,-0.15947558438325182,0,0,2,2
1201,1101,1201,6.266679584182253,0,0.15988799751033544,0,0,2,2
1202,1102,1202,6.279989791608518,0,75.13030924121338,0,0,2,2
1203,1103,1203,6.271890632513546,0,-123.46960817461498,0,0,2,2
1204,1104,1204,6.272617668688638,0,1375.4473769806928,0,0,2,2
1205,1105,1205,6.2362784558587965,0,-27.51848271129316,0,0,2,2
1206,1106,1206,0.016660034090295324,0,-0.1607815676440899,0,0,2,2
1207,1107,1207,0.0025278585705474418,0,-70.76051373708384,0,0,2,2
1208,1108,1208,6.258870294526014,0,0.1598377982402238,0,0,2,2
1209,1109,1209,6.270141049407198,0,88.72520168719687,0,0,2,2
1210,1110,1210,6.269351886683855,0,-1267.165782696076,0,0,2,2
1211,1111,1211,6.253747602829765,0,-64.08496598438497,0,0,2,2
1212,1112,1212,0.030450411244153108,0,-0.16068652503886183,0,0,2,2
1213,1113,1213,6.263187237994616,0,0.16044316129442066,0,0,2,2
1214,1114,1214,6.270196718121511,0,142.66393254516726,0,0,2,2
1215,1115,1215,6.275176984342038,0,200.79247889968212,0,0,2,2
1216,1116,1216,6.279357923305493,0,239.18072201986305,0,0,2,2
1217,1117,1217,0.01115678452401457,0,-0.15953540383587586,0,0,2,2
1218,1118,1218,0.015595991934093412,0,225.26543763861662,0,0,2,2
1219,1119,1219,6.274253982575203,0,0.1597786620542856,0,0,2,2
1220,1120,1220,6.268134445769888,0,-163.41106064293862,0,0,2,2
1221,1121,1221,6.254204230858257,0,-71.78640145494046,0,0,2,2
1222,1122,1222,6.281575596456605,0,36.53453081859884,0,0,2,2
1223,1123,1223,6.25440971134606,0,-36.81087496066273,0,0,2,2
1224,1124,1224,6.263339060910417,0,111.99023991530642,0,0,2,2
1225,1125,1225,6.25155598730468,0,-84.86750006493386,0,0,2,2
1226,1126,1226,0.014417674283353804,0,-0.16032993815646054,0,0,2,2
1227,1127,1227,6.276535133131723,0,0.15969039331688042,0,0,2,2
1228,1128,1228,0.015115425715696549,0,-0.15970818867414363,0,0,2,2
1229,1129,1229,6.258167916718779,0,0.16017805415557673,0,0,2,2
1230,1130,1230,6.272676976347364,0,68.92245435602506,0,0,2,2
1231,1131,1231,0.0020318865786498963,0,-0.15947322575018893,0,0,2,2
1232,1132,1232,6.266142184810953,0,0.15963959004396755,0,0,2,2
1233,1133,1233,6.269774314155828,0,275.3205916002974,0,0,2,2
1234,1134,1234,6.265967558450509,0,-262.69087837776965,0,0,2,2
1235,1135,1235,6.278466603659302,0,80.00611113051187,0,0,2,2
1236,1136,1236,6.261447465757316,0,-58.75738276280715,0,0,2,2
1237,1137,1237,0.002919107865043842,0,-0.15978197154590779,0,0,2,2
1238,1138,1238,6.270031632615985,0,0.15956311555770902,0,0,2,2
1239,1139,1239,0.0055739303301006685,0,-0.15963073701257535,0,0,2,2
1240,1140,1240,6.265035209802187,0,0.1597581573480615,0,0,2,2
1241,1141,1241,6.282879086908775,0,56.04163232164554,0,0,2,2
1242,1142,1242,0.0071531137177651555,0,-0.15934411481187272,0,0,2,2
1243,1143,1243,6.243918044452639,0,0.1603395367800355,0,0,2,2
1244,1144,1244,6.271496229311255,0,36.260544525560405,0,0,2,2
1245,1145,1245,6.267927081242438,0,-280.17890564325904,0,0,2,2
1246,1146,1246,0.002952714299115767,0,-0.15961757246389174,0,0,2,2
1247,1147,1247,6.272090716638099,0,0.1595115627741653,0,0,2,2
1248,1148,1248,6.28196549789021,0,101.2680660430973,0,0,2,2
1249,1149,1249,0.012656273731233705,0,-0.15950720633566282,0,0,2,2
1250,1150,1250,6.257598069047722,0,0.1601295949227211,0,0,2,2
1251,1151,1251,6.251763051504906,0,-171.3790905789355,0,0,2,2
1252,1152,1252,6.271376319067646,0,50.98589497140744,0,0,2,2
1253,1153,1253,6.278924120471311,0,132.4889125347726,0,0,2,2
1254,1154,1254,0.006432718587500081,0,-0.15942628469760373,0,0,2,2
1255,1155,1255,6.26434216796048,0,0.1597977740154416,0,0,2,2
1256,1156,1256,6.247772641467078,0,-60.351754795056145,0,0,2,2
1257,1157,1257,6.276219032503969,0,35.15384425051153,0,0,2,2
1258,1158,1258,0.01138791465301438,0,-0.1596212222146913,0,0,2,2
1259,1159,1259,6.255291057694123,0,0.16015623194195602,0,0,2,2
1260,1160,1260,0.011545435830413996,0,-0.16016027246502523,0,0,2,2
1261,1161,1261,0.00885247396037572,0,-371.3383435264854,0,0,2,2
1262,1162,1262,6.251599104512712,0,0.16018590200440724,0,0,2,2
1263,1163,1263,6.272418148879801,0,48.03294437379703,0,0,2,2
1264,1164,1264,6.275439361862863,0,330.99288451573113,0,0,2,2
1265,1165,1265,6.267966718696015,0,-133.82145750468706,0,0,2,2
1266,1166,1266,0.003386332826056894,0,-0.15962761085411958,0,0,2,2
1267,1167,1267,6.279331142684118,0,0.1593385586229552,0,0,2,2
1268,1168,1268,6.261135649172821,0,-54.95866321950131,0,0,2,2
1269,1169,1269,0.005913966325045318,0,-0.1598664365072888,0,0,2,2
1270,1170,1270,6.238043379755134,0,0.1604587988569403,0,0,2,2
1271,1171,1271,0.020505165720697025,0,-0.1608353604876551,0,0,2,2
1272,1172,1272,0.0012316686739764695,0,-51.884720119857704,0,0,2,2
1273,1173,1273,6.260298681480229,0,0.1597682207194727,0,0,2,2
1274,1174,1274,0.005146634949565829,0,-0.1598682162417837,0,0,2,2
1275,1175,1275,6.2508987000885945,0,0.16010882109482844,0,0,2,2
1276,1176,1276,6.277101546803924,0,38.163792310969384,0,0,2,2
1277,1177,1277,0.002205144067229855,0,-0.15936518084407997,0,0,2,2
1278,1178,1278,0.014819718000614992,0,79.27338690000835,0,0,2,2
1279,1179,1279,6.255375519270848,0,0.1602421373744395,0,0,2,2
1280,1180,1280,0.009227956215844248,0,-0.1600986832131289,0,0,2,2
1281,1181,1281,0.00953081514360231,0,3301.8673327630777,0,0,2,2
1282,1182,1282,6.25087086288515,0,0.16022200238262194,0,0,2,2
1283,1183,1283,6.2650759588293585,0,70.3972717908814,0,0,2,2
1284,1184,1284,6.272724389834623,0,130.7457698594176,0,0,2,2
1285,1185,1285,6.259311254718074,0,-74.55378562213589,0,0,2,2
1286,1186,1286,6.2653200945481125,0,166.4214770713123,0,0,2,2
1287,1187,1287,6.279934505742943,0,68.4256099454553,0,0,2,2
1288,1188,1288,0.017271653702994154,0,-0.15967648644446317,0,0,2,2
1289,1189,1289,0.008109593768762009,0,-109.14576057985677,0,0,2,2
1290,1190,1290,6.27165439885738,0,0.15965400282402098,0,0,2,2
1291,1191,1291,6.2641722297981115,0,-133.65108327260728,0,0,2,2
1292,1192,1292,6.279406541276758,0,65.64129933943184,0,0,2,2
1293,1193,1293,6.271374172083096,0,-124.49626951771765,0,0,2,2
1294,1194,1294,6.256858977255332,0,-68.89332260888757,0,0,2,2
1295,1195,1295,6.270011687560566,0,76.0299570805614,0,0,2,2
1296,1196,1296,6.2792999452931655,0,107.6628178059973,0,0,2,2
1297,1197,1297,0.021657734021858083,0,-0.15980459831960242,0,0,2,2
1298,1198,1298,6.271067422717261,0,0.16001511339685512,0,0,2,2
1299,1199,1299,6.2283644275165955,0,-23.41756111722163,0,0,2,2
1300,1200,1300,6.273011389314324,0,22.39794063771818,0,0,2,2
1301,1201,1301,0.004676960929170136,0,-0.159532011481656,0,0,2,2
1302,1202,1302,6.2781574164022595,0,0.1594011501426745,0,0,2,2
1303,1203,1303,6.255852309965475,0,-44.832783149190796,0,0,2,2
1304,1204,1304,6.265073631896163,0,108.44432148844182,0,0,2,2
