PID,B(Lat),L(Long),H,Bx,Ly,ReF,MCODE1,MCODE2,MCODE3
100,0,0,10.43,-637.015,-311.22,0,0,0,0
101,0,0,10.429,-637.058,-311.218,0,0,0,0
102,0,0,10.434,-637.1,-311.218,0,0,0,0
103,0,0,10.435,-637.145,-311.216,0,0,0,0
104,0,0,10.433,-637.2,-311.214,0,0,0,0
105,0,0,10.435,-637.27,-311.212,0,0,0,0
106,0,0,10.432,-637.386,-311.206,0,0,0,0
107,0,0,10.431,-637.509,-311.199,0,0,0,0
108,0,0,10.44,-637.664,-311.196,0,0,0,0
109,0,0,10.441,-637.838,-311.185,0,0,0,0
110,0,0,10.436,-638.012,-311.18,0,0,0,0
111,0,0,10.425,-638.181,-311.178,0,0,0,0
112,0,0,10.428,-638.306,-311.177,0,0,0,0
113,0,0,10.428,-638.504,-311.178,0,0,0,0
114,0,0,10.431,-638.68,-311.174,0,0,0,0
115,0,0,10.426,-638.938,-311.173,0,0,0,0
116,0,0,10.43,-639.126,-311.173,0,0,0,0
117,0,0,10.432,-639.294,-311.164,0,0,0,0
118,0,0,10.43,-639.481,-311.154,0,0,0,0
119,0,0,10.428,-639.721,-311.144,0,0,0,0
120,0,0,10.437,-639.981,-311.138,0,0,0,0
121,0,0,10.436,-640.194,-311.138,0,0,0,0
122,0,0,10.43,-640.449,-311.131,0,0,0,0
123,0,0,10.436,-640.717,-311.123,0,0,0,0
124,0,0,10.429,-641.023,-311.116,0,0,0,0
125,0,0,10.428,-641.259,-311.105,0,0,0,0
126,0,0,10.429,-641.491,-311.096,0,0,0,0
127,0,0,10.411,-641.77,-311.091,0,0,0,0
128,0,0,10.409,-642.049,-311.086,0,0,0,0
129,0,0,10.416,-642.257,-311.073,0,0,0,0
130,0,0,10.429,-642.505,-311.068,0,0,0,0
131,0,0,10.43,-642.756,-311.076,0,0,0,0
132,0,0,10.42,-642.998,-311.073,0,0,0,0
133,0,0,10.413,-643.225,-311.066,0,0,0,0
134,0,0,10.423,-643.578,-311.059,0,0,0,0
135,0,0,10.432,-643.934,-311.059,0,0,0,0
136,0,0,10.435,-644.261,-311.055,0,0,0,0
137,0,0,10.435,-644.564,-311.056,0,0,0,0
138,0,0,10.438,-644.868,-311.053,0,0,0,0
139,0,0,10.435,-645.193,-311.045,0,0,0,0
140,0,0,10.432,-645.539,-311.039,0,0,0,0
141,0,0,10.437,-645.882,-311.032,0,0,0,0
142,0,0,10.442,-646.205,-311.02,0,0,0,0
143,0,0,10.447,-646.604,-311.017,0,0,0,0
144,0,0,10.434,-646.991,-311.014,0,0,0,0
145,0,0,10.431,-647.294,-311.005,0,0,0,0
146,0,0,10.436,-647.72,-311.004,0,0,0,0
147,0,0,10.437,-648.073,-310.994,0,0,0,0
148,0,0,10.447,-648.44,-310.981,0,0,0,0
149,0,0,10.444,-648.843,-310.988,0,0,0,0
150,0,0,10.443,-649.226,-310.987,0,0,0,0
151,0,0,10.443,-649.693,-310.966,0,0,0,0
152,0,0,10.45,-650.125,-310.967,0,0,0,0
153,0,0,10.454,-650.554,-310.967,0,0,0,0
154,0,0,10.448,-650.908,-310.962,0,0,0,0
155,0,0,10.437,-651.366,-310.958,0,0,0,0
156,0,0,10.436,-651.77,-310.954,0,0,0,0
157,0,0,10.446,-652.179,-310.949,0,0,0,0
158,0,0,10.452,-652.664,-310.94,0,0,0,0
159,0,0,10.443,-653.021,-310.942,0,0,0,0
160,0,0,10.445,-653.585,-310.941,0,0,0,0
161,0,0,10.445,-653.966,-310.943,0,0,0,0
162,0,0,10.447,-654.253,-310.937,0,0,0,0
163,0,0,10.444,-654.728,-310.933,0,0,0,0
164,0,0,10.433,-655.225,-310.923,0,0,0,0
165,0,0,10.437,-655.671,-310.917,0,0,0,0
166,0,0,10.433,-655.955,-310.911,0,0,0,0
167,0,0,10.454,-656.528,-310.918,0,0,0,0
168,0,0,10.443,-656.905,-310.909,0,0,0,0
169,0,0,10.437,-657.26,-310.9,0,0,0,0
170,0,0,10.449,-657.694,-310.899,0,0,0,0
171,0,0,10.449,-658.031,-310.89,0,0,0,0
172,0,0,10.441,-658.409,-310.886,0,0,0,0
173,0,0,10.443,-661.772,-310.778,0,0,0,0
174,0,0,10.441,-662.149,-310.761,0,0,0,0
175,0,0,10.435,-662.481,-310.756,0,0,0,0
176,0,0,10.435,-662.842,-310.742,0,0,0,0
177,0,0,10.436,-663.385,-310.722,0,0,0,0
178,0,0,10.448,-663.779,-310.707,0,0,0,0
179,0,0,10.448,-664.102,-310.698,0,0,0,0
180,0,0,10.444,-664.518,-310.678,0,0,0,0
181,0,0,10.445,-664.96,-310.665,0,0,0,0
182,0,0,10.441,-665.417,-310.646,0,0,0,0
183,0,0,10.438,-665.783,-310.64,0,0,0,0
184,0,0,10.45,-666.156,-310.624,0,0,0,0
185,0,0,10.448,-666.514,-310.612,0,0,0,0
186,0,0,10.438,-666.878,-310.6,0,0,0,0
187,0,0,10.447,-667.433,-310.591,0,0,0,0
188,0,0,10.461,-667.881,-310.576,0,0,0,0
189,0,0,10.45,-668.23,-310.569,0,0,0,0
190,0,0,10.454,-668.574,-310.558,0,0,0,0
191,0,0,10.447,-668.946,-310.539,0,0,0,0
192,0,0,10.444,-669.431,-310.514,0,0,0,0
193,0,0,10.443,-669.824,-310.504,0,0,0,0
194,0,0,10.447,-670.186,-310.484,0,0,0,0
195,0,0,10.443,-670.526,-310.468,0,0,0,0
196,0,0,10.44,-670.988,-310.448,0,0,0,0
197,0,0,10.439,-671.486,-310.434,0,0,0,0
198,0,0,10.438,-671.812,-310.414,0,0,0,0
199,0,0,10.443,-672.222,-310.386,0,0,0,0
200,0,0,10.442,-672.607,-310.377,0,0,0,0
201,0,0,10.436,-673.005,-310.358,0,0,0,0
202,0,0,10.441,-673.377,-310.334,0,0,0,0
203,0,0,10.442,-673.83,-310.307,0,0,0,0
204,0,0,10.444,-674.138,-310.299,0,0,0,0
205,0,0,10.436,-674.582,-310.286,0,0,0,0
206,0,0,10.436,-674.992,-310.267,0,0,0,0
207,0,0,10.436,-675.401,-310.24,0,0,0,0
208,0,0,10.447,-675.819,-310.217,0,0,0,0
209,0,0,10.439,-676.097,-310.193,0,0,0,0
210,0,0,10.447,-676.548,-310.182,0,0,0,0
211,0,0,10.451,-676.984,-310.172,0,0,0,0
212,0,0,10.446,-677.36,-310.152,0,0,0,0
213,0,0,10.44,-677.691,-310.131,0,0,0,0
214,0,0,10.443,-678.042,-310.105,0,0,0,0
215,0,0,10.448,-678.395,-310.082,0,0,0,0
216,0,0,10.446,-678.793,-310.071,0,0,0,0
217,0,0,10.44,-679.221,-310.05,0,0,0,0
218,0,0,10.438,-679.641,-310.025,0,0,0,0
219,0,0,10.439,-679.973,-309.999,0,0,0,0
220,0,0,10.452,-680.278,-309.985,0,0,0,0
221,0,0,10.447,-680.671,-309.964,0,0,0,0
222,0,0,10.44,-681.071,-309.948,0,0,0,0
223,0,0,10.449,-681.578,-309.929,0,0,0,0
224,0,0,10.442,-681.937,-309.908,0,0,0,0
225,0,0,10.446,-682.202,-309.884,0,0,0,0
226,0,0,10.461,-682.625,-309.867,0,0,0,0
227,0,0,10.449,-683.027,-309.846,0,0,0,0
228,0,0,10.431,-683.464,-309.828,0,0,0,0
229,0,0,10.435,-683.813,-309.815,0,0,0,0
230,0,0,10.448,-684.13,-309.789,0,0,0,0
231,0,0,10.455,-684.463,-309.761,0,0,0,0
232,0,0,10.451,-684.903,-309.731,0,0,0,0
233,0,0,10.461,-685.25,-309.714,0,0,0,0
234,0,0,10.468,-685.618,-309.689,0,0,0,0
235,0,0,10.458,-686.037,-309.661,0,0,0,0
236,0,0,10.447,-686.392,-309.632,0,0,0,0
237,0,0,10.444,-686.736,-309.598,0,0,0,0
238,0,0,10.456,-687.14,-309.576,0,0,0,0
239,0,0,10.464,-687.498,-309.548,0,0,0,0
240,0,0,10.458,-687.879,-309.516,0,0,0,0
241,0,0,10.45,-688.286,-309.478,0,0,0,0
242,0,0,10.451,-688.675,-309.456,0,0,0,0
243,0,0,10.455,-689.114,-309.435,0,0,0,0
244,0,0,10.458,-689.514,-309.409,0,0,0,0
245,0,0,10.452,-689.924,-309.378,0,0,0,0
246,0,0,10.458,-690.328,-309.343,0,0,0,0
247,0,0,10.463,-690.731,-309.315,0,0,0,0
248,0,0,10.458,-691.132,-309.285,0,0,0,0
249,0,0,10.457,-691.569,-309.269,0,0,0,0
250,0,0,10.456,-691.95,-309.245,0,0,0,0
251,0,0,10.465,-692.347,-309.221,0,0,0,0
252,0,0,10.463,-692.823,-309.186,0,0,0,0
253,0,0,10.462,-693.187,-309.162,0,0,0,0
254,0,0,10.464,-693.566,-309.139,0,0,0,0
255,0,0,10.455,-694.028,-309.099,0,0,0,0
256,0,0,10.458,-694.384,-309.078,0,0,0,0
257,0,0,10.459,-694.887,-309.046,0,0,0,0
258,0,0,10.45,-695.278,-309.02,0,0,0,0
259,0,0,10.459,-695.77,-308.991,0,0,0,0
260,0,0,10.474,-696.161,-308.967,0,0,0,0
261,0,0,10.466,-696.639,-308.938,0,0,0,0
262,0,0,10.456,-697.068,-308.91,0,0,0,0
263,0,0,10.455,-697.484,-308.88,0,0,0,0
264,0,0,10.452,-697.94,-308.849,0,0,0,0
265,0,0,10.46,-698.367,-308.82,0,0,0,0
266,0,0,10.466,-698.788,-308.798,0,0,0,0
267,0,0,10.457,-699.236,-308.775,0,0,0,0
268,0,0,10.454,-699.691,-308.76,0,0,0,0
269,0,0,10.462,-700.083,-308.73,0,0,0,0
270,0,0,10.455,-700.519,-308.705,0,0,0,0
271,0,0,10.46,-700.916,-308.688,0,0,0,0
272,0,0,10.459,-701.352,-308.662,0,0,0,0
273,0,0,10.457,-701.777,-308.634,0,0,0,0
274,0,0,10.46,-702.199,-308.605,0,0,0,0
275,0,0,10.464,-702.621,-308.587,0,0,0,0
276,0,0,10.464,-703.04,-308.563,0,0,0,0
277,0,0,10.463,-703.482,-308.546,0,0,0,0
278,0,0,10.458,-703.894,-308.528,0,0,0,0
279,0,0,10.467,-704.325,-308.502,0,0,0,0
280,0,0,10.478,-704.711,-308.477,0,0,0,0
281,0,0,10.47,-705.166,-308.457,0,0,0,0
282,0,0,10.458,-705.622,-308.439,0,0,0,0
283,0,0,10.453,-706.013,-308.415,0,0,0,0
284,0,0,10.457,-706.417,-308.393,0,0,0,0
285,0,0,10.457,-706.825,-308.367,0,0,0,0
286,0,0,10.459,-707.293,-308.343,0,0,0,0
287,0,0,10.451,-707.701,-308.327,0,0,0,0
288,0,0,10.447,-708.109,-308.3,0,0,0,0
289,0,0,10.46,-708.539,-308.278,0,0,0,0
290,0,0,10.458,-708.91,-308.253,0,0,0,0
291,0,0,10.452,-709.367,-308.234,0,0,0,0
292,0,0,10.465,-709.784,-308.221,0,0,0,0
293,0,0,10.473,-710.195,-308.206,0,0,0,0
294,0,0,10.471,-710.6,-308.19,0,0,0,0
295,0,0,10.473,-710.953,-308.171,0,0,0,0
296,0,0,10.462,-711.41,-308.145,0,0,0,0
297,0,0,10.456,-711.815,-308.121,0,0,0,0
298,0,0,10.455,-712.186,-308.095,0,0,0,0
299,0,0,10.46,-712.605,-308.073,0,0,0,0
300,0,0,10.461,-713.029,-308.058,0,0,0,0
301,0,0,10.463,-713.451,-308.041,0,0,0,0
302,0,0,10.445,-713.87,-308.018,0,0,0,0
303,0,0,10.442,-714.219,-307.991,0,0,0,0
304,0,0,10.452,-714.592,-307.973,0,0,0,0
305,0,0,10.459,-715.04,-307.946,0,0,0,0
306,0,0,10.457,-715.418,-307.923,0,0,0,0
307,0,0,10.448,-715.86,-307.885,0,0,0,0
308,0,0,10.43,-716.233,-307.856,0,0,0,0
309,0,0,10.448,-716.643,-307.83,0,0,0,0
310,0,0,10.444,-717.074,-307.799,0,0,0,0
311,0,0,10.439,-717.453,-307.774,0,0,0,0
312,0,0,10.438,-717.857,-307.736,0,0,0,0
313,0,0,10.438,-718.294,-307.707,0,0,0,0
314,0,0,10.433,-718.664,-307.677,0,0,0,0
315,0,0,10.434,-718.989,-307.651,0,0,0,0
316,0,0,10.434,-719.376,-307.624,0,0,0,0
317,0,0,10.457,-719.821,-307.591,0,0,0,0
318,0,0,10.469,-720.22,-307.569,0,0,0,0
319,0,0,10.449,-720.626,-307.522,0,0,0,0
320,0,0,10.446,-721.022,-307.488,0,0,0,0
321,0,0,10.456,-721.406,-307.446,0,0,0,0
322,0,0,10.468,-721.776,-307.411,0,0,0,0
323,0,0,10.469,-722.213,-307.382,0,0,0,0
324,0,0,10.461,-722.591,-307.348,0,0,0,0
325,0,0,10.446,-722.98,-307.309,0,0,0,0
326,0,0,10.443,-723.338,-307.259,0,0,0,0
327,0,0,10.437,-723.739,-307.199,0,0,0,0
328,0,0,10.441,-724.125,-307.162,0,0,0,0
329,0,0,10.442,-724.509,-307.114,0,0,0,0
330,0,0,10.438,-724.85,-307.072,0,0,0,0
331,0,0,10.441,-725.244,-307.022,0,0,0,0
332,0,0,10.432,-725.648,-306.976,0,0,0,0
333,0,0,10.441,-726.003,-306.927,0,0,0,0
334,0,0,10.442,-726.382,-306.875,0,0,0,0
335,0,0,10.444,-726.769,-306.825,0,0,0,0
336,0,0,10.436,-727.117,-306.775,0,0,0,0
337,0,0,10.435,-727.544,-306.709,0,0,0,0
338,0,0,10.454,-727.89,-306.66,0,0,0,0
339,0,0,10.454,-728.289,-306.602,0,0,0,0
340,0,0,10.443,-728.628,-306.547,0,0,0,0
341,0,0,10.444,-730.161,-306.292,0,0,0,0
342,0,0,10.458,-730.519,-306.221,0,0,0,0
343,0,0,10.469,-730.894,-306.15,0,0,0,0
344,0,0,10.47,-731.268,-306.081,0,0,0,0
345,0,0,10.467,-731.615,-306.012,0,0,0,0
346,0,0,10.461,-731.987,-305.942,0,0,0,0
347,0,0,10.468,-732.311,-305.885,0,0,0,0
348,0,0,10.471,-732.674,-305.814,0,0,0,0
349,0,0,10.463,-733.063,-305.728,0,0,0,0
350,0,0,10.455,-733.456,-305.639,0,0,0,0
351,0,0,10.457,-733.827,-305.561,0,0,0,0
352,0,0,10.463,-734.153,-305.497,0,0,0,0
353,0,0,10.461,-734.543,-305.406,0,0,0,0
354,0,0,10.471,-734.871,-305.335,0,0,0,0
355,0,0,10.467,-735.204,-305.253,0,0,0,0
356,0,0,10.454,-735.561,-305.171,0,0,0,0
357,0,0,10.461,-735.939,-305.079,0,0,0,0
358,0,0,10.47,-736.28,-304.994,0,0,0,0
359,0,0,10.466,-736.621,-304.899,0,0,0,0
360,0,0,10.453,-736.967,-304.802,0,0,0,0
361,0,0,10.452,-737.309,-304.718,0,0,0,0
362,0,0,10.451,-737.674,-304.624,0,0,0,0
363,0,0,10.453,-738.006,-304.539,0,0,0,0
364,0,0,10.443,-738.342,-304.453,0,0,0,0
365,0,0,10.432,-738.686,-304.358,0,0,0,0
366,0,0,10.446,-740.737,-303.743,0,0,0,0
367,0,0,10.443,-741.074,-303.641,0,0,0,0
368,0,0,10.439,-741.39,-303.533,0,0,0,0
369,0,0,10.435,-741.73,-303.428,0,0,0,0
370,0,0,10.444,-742.07,-303.303,0,0,0,0
371,0,0,10.447,-742.405,-303.149,0,0,0,0
372,0,0,10.437,-742.731,-302.995,0,0,0,0
373,0,0,10.418,-743.022,-302.856,0,0,0,0
374,0,0,10.434,-743.332,-302.702,0,0,0,0
375,0,0,10.437,-743.654,-302.561,0,0,0,0
376,0,0,10.438,-743.971,-302.426,0,0,0,0
377,0,0,10.431,-744.276,-302.282,0,0,0,0
378,0,0,10.437,-744.574,-302.143,0,0,0,0
379,0,0,10.436,-744.906,-301.995,0,0,0,0
380,0,0,10.41,-745.202,-301.854,0,0,0,0
381,0,0,10.417,-745.515,-301.707,0,0,0,0
382,0,0,10.423,-745.838,-301.555,0,0,0,0
383,0,0,10.427,-747.055,-300.934,0,0,0,0
384,0,0,10.422,-747.304,-300.799,0,0,0,0
385,0,0,10.418,-747.618,-300.635,0,0,0,0
386,0,0,10.42,-747.93,-300.456,0,0,0,0
387,0,0,10.442,-748.205,-300.307,0,0,0,0
388,0,0,10.448,-748.47,-300.156,0,0,0,0
389,0,0,10.45,-748.774,-299.971,0,0,0,0
390,0,0,10.443,-749.073,-299.785,0,0,0,0
391,0,0,10.45,-749.347,-299.632,0,0,0,0
392,0,0,10.457,-749.638,-299.465,0,0,0,0
393,0,0,10.431,-749.93,-299.266,0,0,0,0
394,0,0,10.44,-750.199,-299.079,0,0,0,0
395,0,0,10.441,-750.457,-298.906,0,0,0,0
396,0,0,10.424,-750.744,-298.723,0,0,0,0
397,0,0,10.429,-751.004,-298.544,0,0,0,0
398,0,0,10.424,-751.255,-298.357,0,0,0,0
399,0,0,10.427,-751.538,-298.166,0,0,0,0
400,0,0,10.428,-751.781,-297.993,0,0,0,0
401,0,0,10.42,-752.064,-297.777,0,0,0,0
402,0,0,10.426,-752.302,-297.596,0,0,0,0
403,0,0,10.426,-752.561,-297.372,0,0,0,0
404,0,0,10.42,-752.816,-297.167,0,0,0,0
405,0,0,10.456,-756.08,-294.126,0,0,0,0
406,0,0,10.404,-756.372,-293.795,0,0,0,0
407,0,0,10.406,-756.648,-293.428,0,0,0,0
408,0,0,10.407,-756.873,-293.193,0,0,0,0
409,0,0,10.408,-757.052,-292.959,0,0,0,0
410,0,0,10.406,-757.24,-292.708,0,0,0,0
411,0,0,10.408,-757.428,-292.463,0,0,0,0
412,0,0,10.402,-757.611,-292.237,0,0,0,0
413,0,0,10.419,-757.807,-291.996,0,0,0,0
414,0,0,10.413,-757.974,-291.779,0,0,0,0
415,0,0,10.435,-758.163,-291.525,0,0,0,0
416,0,0,10.426,-758.362,-291.217,0,0,0,0
417,0,0,10.432,-758.529,-290.987,0,0,0,0
418,0,0,10.432,-758.707,-290.746,0,0,0,0
419,0,0,10.419,-758.855,-290.518,0,0,0,0
420,0,0,10.397,-759.029,-290.273,0,0,0,0
421,0,0,10.412,-759.211,-290.017,0,0,0,0
422,0,0,10.434,-759.395,-289.767,0,0,0,0
423,0,0,10.422,-759.534,-289.527,0,0,0,0
424,0,0,10.435,-759.73,-289.259,0,0,0,0
425,0,0,10.425,-759.892,-288.994,0,0,0,0
426,0,0,10.417,-760.05,-288.738,0,0,0,0
427,0,0,10.424,-760.193,-288.505,0,0,0,0
428,0,0,10.422,-760.357,-288.229,0,0,0,0
429,0,0,10.408,-760.514,-287.991,0,0,0,0
430,0,0,10.422,-760.662,-287.75,0,0,0,0
431,0,0,10.431,-760.805,-287.485,0,0,0,0
432,0,0,10.454,-761.516,-286.25,0,0,0,0
433,0,0,10.415,-761.669,-285.952,0,0,0,0
434,0,0,10.437,-761.814,-285.716,0,0,0,0
435,0,0,10.441,-761.949,-285.413,0,0,0,0
436,0,0,10.44,-762.055,-285.158,0,0,0,0
437,0,0,10.429,-762.177,-284.904,0,0,0,0
438,0,0,10.425,-762.289,-284.638,0,0,0,0
439,0,0,10.411,-762.399,-284.355,0,0,0,0
440,0,0,10.409,-762.723,-283.607,0,0,0,0
441,0,0,10.413,-762.834,-283.335,0,0,0,0
442,0,0,10.423,-762.962,-283.041,0,0,0,0
443,0,0,10.418,-763.073,-282.78,0,0,0,0
444,0,0,10.41,-763.151,-282.55,0,0,0,0
445,0,0,10.409,-763.259,-282.285,0,0,0,0
446,0,0,10.421,-763.367,-282.011,0,0,0,0
447,0,0,10.435,-763.46,-281.781,0,0,0,0
448,0,0,10.439,-763.573,-281.489,0,0,0,0
449,0,0,10.434,-763.659,-281.23,0,0,0,0
450,0,0,10.425,-763.763,-280.991,0,0,0,0
451,0,0,10.423,-763.873,-280.701,0,0,0,0
452,0,0,10.43,-763.985,-280.405,0,0,0,0
453,0,0,10.431,-764.071,-280.165,0,0,0,0
454,0,0,10.432,-764.156,-279.923,0,0,0,0
455,0,0,10.439,-764.25,-279.66,0,0,0,0
456,0,0,10.436,-764.338,-279.414,0,0,0,0
457,0,0,10.439,-764.444,-279.106,0,0,0,0
458,0,0,10.437,-764.515,-278.872,0,0,0,0
459,0,0,10.434,-764.591,-278.604,0,0,0,0
460,0,0,10.444,-764.657,-278.352,0,0,0,0
461,0,0,10.453,-764.713,-278.09,0,0,0,0
462,0,0,10.426,-764.783,-277.837,0,0,0,0
463,0,0,10.425,-764.851,-277.552,0,0,0,0
464,0,0,10.435,-764.915,-277.277,0,0,0,0
465,0,0,10.442,-764.971,-277.03,0,0,0,0
466,0,0,10.425,-765.017,-276.741,0,0,0,0
467,0,0,10.435,-765.088,-276.477,0,0,0,0
468,0,0,10.436,-765.135,-276.197,0,0,0,0
469,0,0,10.435,-765.199,-275.93,0,0,0,0
470,0,0,10.45,-765.264,-275.657,0,0,0,0
471,0,0,10.437,-765.303,-275.416,0,0,0,0
472,0,0,10.445,-765.338,-275.144,0,0,0,0
473,0,0,10.437,-765.39,-274.872,0,0,0,0
474,0,0,10.435,-765.42,-274.644,0,0,0,0
475,0,0,10.434,-765.467,-274.349,0,0,0,0
476,0,0,10.434,-765.486,-274.09,0,0,0,0
477,0,0,10.436,-765.528,-273.839,0,0,0,0
478,0,0,10.442,-765.632,-273.033,0,0,0,0
479,0,0,10.437,-765.659,-272.792,0,0,0,0
480,0,0,10.437,-765.704,-272.522,0,0,0,0
481,0,0,10.434,-765.741,-272.265,0,0,0,0
482,0,0,10.443,-765.776,-272.019,0,0,0,0
483,0,0,10.453,-765.808,-271.758,0,0,0,0
484,0,0,10.457,-765.949,-270.497,0,0,0,0
485,0,0,10.453,-765.983,-270.192,0,0,0,0
486,0,0,10.441,-766.021,-269.948,0,0,0,0
487,0,0,10.445,-766.056,-269.654,0,0,0,0
488,0,0,10.45,-766.08,-269.412,0,0,0,0
489,0,0,10.457,-766.114,-269.187,0,0,0,0
490,0,0,10.463,-766.121,-268.968,0,0,0,0
491,0,0,10.461,-766.136,-268.689,0,0,0,0
492,0,0,10.46,-766.166,-268.442,0,0,0,0
493,0,0,10.462,-766.189,-268.197,0,0,0,0
494,0,0,10.452,-766.208,-267.95,0,0,0,0
495,0,0,10.467,-766.232,-267.707,0,0,0,0
496,0,0,10.468,-766.264,-267.421,0,0,0,0
497,0,0,10.462,-766.279,-267.189,0,0,0,0
498,0,0,10.449,-766.3,-266.949,0,0,0,0
499,0,0,10.455,-766.329,-266.671,0,0,0,0
500,0,0,10.463,-766.352,-266.43,0,0,0,0
501,0,0,10.456,-766.365,-266.14,0,0,0,0
502,0,0,10.449,-766.391,-265.901,0,0,0,0
503,0,0,10.45,-766.409,-265.685,0,0,0,0
504,0,0,10.449,-766.426,-265.44,0,0,0,0
505,0,0,10.443,-766.443,-265.172,0,0,0,0
506,0,0,10.441,-766.452,-264.955,0,0,0,0
507,0,0,10.433,-766.47,-264.71,0,0,0,0
508,0,0,10.428,-766.491,-264.436,0,0,0,0
509,0,0,10.435,-766.49,-264.197,0,0,0,0
510,0,0,10.455,-766.511,-263.95,0,0,0,0
511,0,0,10.455,-766.512,-263.702,0,0,0,0
512,0,0,10.446,-766.518,-263.442,0,0,0,0
513,0,0,10.447,-766.518,-263.165,0,0,0,0
514,0,0,10.443,-766.542,-262.906,0,0,0,0
515,0,0,10.441,-766.543,-262.715,0,0,0,0
516,0,0,10.436,-766.547,-262.449,0,0,0,0
517,0,0,10.444,-766.539,-262.25,0,0,0,0
518,0,0,10.445,-766.592,-260.33,0,0,0,0
519,0,0,10.448,-766.599,-260.069,0,0,0,0
520,0,0,10.452,-766.606,-259.829,0,0,0,0
521,0,0,10.455,-766.614,-259.578,0,0,0,0
522,0,0,10.452,-766.62,-259.363,0,0,0,0
523,0,0,10.442,-766.625,-259.111,0,0,0,0
524,0,0,10.443,-766.619,-258.875,0,0,0,0
525,0,0,10.451,-766.621,-258.618,0,0,0,0
526,0,0,10.457,-766.631,-258.433,0,0,0,0
527,0,0,10.445,-766.637,-258.181,0,0,0,0
528,0,0,10.446,-766.64,-257.988,0,0,0,0
529,0,0,10.442,-766.649,-257.737,0,0,0,0
530,0,0,10.442,-766.649,-257.495,0,0,0,0
531,0,0,10.438,-766.662,-257.273,0,0,0,0
532,0,0,10.437,-766.673,-257.02,0,0,0,0
533,0,0,10.443,-766.67,-256.808,0,0,0,0
534,0,0,10.44,-766.672,-256.573,0,0,0,0
535,0,0,10.443,-766.681,-256.284,0,0,0,0
536,0,0,10.448,-766.684,-256.077,0,0,0,0
537,0,0,10.459,-766.693,-255.849,0,0,0,0
538,0,0,10.453,-766.691,-255.621,0,0,0,0
539,0,0,10.447,-766.69,-255.435,0,0,0,0
540,0,0,10.439,-766.698,-255.161,0,0,0,0
541,0,0,10.435,-766.711,-254.93,0,0,0,0
542,0,0,10.436,-766.71,-254.73,0,0,0,0
543,0,0,10.441,-766.708,-254.5,0,0,0,0
544,0,0,10.439,-766.715,-254.293,0,0,0,0
545,0,0,10.433,-766.719,-254.043,0,0,0,0
546,0,0,10.433,-766.729,-253.848,0,0,0,0
547,0,0,10.44,-766.746,-253.58,0,0,0,0
548,0,0,10.435,-766.746,-253.357,0,0,0,0
549,0,0,10.435,-766.751,-253.113,0,0,0,0
550,0,0,10.434,-766.746,-252.877,0,0,0,0
551,0,0,10.437,-766.745,-252.649,0,0,0,0
552,0,0,10.439,-766.751,-252.458,0,0,0,0
553,0,0,10.44,-766.755,-252.202,0,0,0,0
554,0,0,10.438,-766.764,-251.962,0,0,0,0
555,0,0,10.427,-766.778,-251.746,0,0,0,0
556,0,0,10.426,-766.782,-251.528,0,0,0,0
557,0,0,10.429,-766.788,-251.304,0,0,0,0
558,0,0,10.423,-766.789,-251.067,0,0,0,0
559,0,0,10.424,-766.788,-250.875,0,0,0,0
560,0,0,10.433,-766.791,-250.643,0,0,0,0
561,0,0,10.44,-766.791,-250.429,0,0,0,0
562,0,0,10.445,-766.802,-250.192,0,0,0,0
563,0,0,10.438,-766.806,-249.994,0,0,0,0
564,0,0,10.442,-766.81,-249.746,0,0,0,0
565,0,0,10.452,-766.813,-249.514,0,0,0,0
566,0,0,10.438,-766.813,-249.313,0,0,0,0
567,0,0,10.428,-766.821,-249.072,0,0,0,0
568,0,0,10.43,-766.827,-248.869,0,0,0,0
569,0,0,10.438,-766.834,-248.667,0,0,0,0
570,0,0,10.442,-766.843,-248.435,0,0,0,0
571,0,0,10.454,-766.843,-248.191,0,0,0,0
572,0,0,10.457,-766.841,-248.031,0,0,0,0
573,0,0,10.451,-766.835,-247.763,0,0,0,0
574,0,0,10.439,-766.842,-247.541,0,0,0,0
575,0,0,10.446,-766.846,-247.348,0,0,0,0
576,0,0,10.449,-766.846,-247.133,0,0,0,0
577,0,0,10.459,-766.849,-246.896,0,0,0,0
578,0,0,10.458,-766.847,-246.671,0,0,0,0
579,0,0,10.457,-766.865,-246.457,0,0,0,0
580,0,0,10.457,-766.861,-246.252,0,0,0,0
581,0,0,10.454,-766.866,-246.043,0,0,0,0
582,0,0,10.457,-766.868,-245.822,0,0,0,0
583,0,0,10.454,-766.865,-245.606,0,0,0,0
584,0,0,10.443,-766.86,-245.385,0,0,0,0
585,0,0,10.437,-766.853,-245.208,0,0,0,0
586,0,0,10.442,-766.848,-244.981,0,0,0,0
587,0,0,10.453,-766.848,-244.77,0,0,0,0
588,0,0,10.456,-766.851,-244.548,0,0,0,0
589,0,0,10.447,-766.853,-244.336,0,0,0,0
590,0,0,10.446,-766.86,-244.128,0,0,0,0
591,0,0,10.45,-766.859,-243.91,0,0,0,0
592,0,0,10.451,-766.865,-243.674,0,0,0,0
593,0,0,10.443,-766.867,-243.439,0,0,0,0
594,0,0,10.442,-766.862,-243.288,0,0,0,0
595,0,0,10.451,-766.859,-243.066,0,0,0,0
596,0,0,10.453,-766.863,-242.862,0,0,0,0
597,0,0,10.453,-766.868,-242.645,0,0,0,0
598,0,0,10.451,-766.869,-242.432,0,0,0,0
599,0,0,10.453,-766.868,-242.237,0,0,0,0
600,0,0,10.452,-766.862,-242.021,0,0,0,0
601,0,0,10.447,-766.86,-241.828,0,0,0,0
602,0,0,10.451,-766.866,-241.612,0,0,0,0
603,0,0,10.446,-766.866,-241.408,0,0,0,0
604,0,0,10.439,-766.869,-241.227,0,0,0,0
605,0,0,10.44,-766.866,-240.96,0,0,0,0
606,0,0,10.446,-766.861,-240.792,0,0,0,0
607,0,0,10.453,-766.869,-240.587,0,0,0,0
608,0,0,10.453,-766.879,-240.381,0,0,0,0
609,0,0,10.454,-766.877,-240.183,0,0,0,0
610,0,0,10.455,-766.879,-239.976,0,0,0,0
611,0,0,10.456,-766.884,-239.77,0,0,0,0
612,0,0,10.449,-766.88,-239.542,0,0,0,0
613,0,0,10.455,-766.876,-239.342,0,0,0,0
614,0,0,10.453,-766.875,-239.144,0,0,0,0
615,0,0,10.451,-766.875,-238.939,0,0,0,0
616,0,0,10.457,-766.887,-238.734,0,0,0,0
617,0,0,10.465,-766.888,-238.542,0,0,0,0
618,0,0,10.462,-766.893,-238.356,0,0,0,0
619,0,0,10.459,-766.894,-238.176,0,0,0,0
620,0,0,10.457,-766.895,-237.942,0,0,0,0
621,0,0,10.454,-766.893,-237.729,0,0,0,0
622,0,0,10.453,-766.898,-237.486,0,0,0,0
623,0,0,10.447,-766.891,-237.316,0,0,0,0
624,0,0,10.452,-766.891,-237.131,0,0,0,0
625,0,0,10.455,-766.898,-236.932,0,0,0,0
626,0,0,10.457,-766.902,-236.745,0,0,0,0
627,0,0,10.452,-766.907,-236.533,0,0,0,0
628,0,0,10.463,-766.91,-236.369,0,0,0,0
629,0,0,10.463,-766.91,-236.173,0,0,0,0
630,0,0,10.455,-766.916,-235.909,0,0,0,0
631,0,0,10.464,-766.918,-235.748,0,0,0,0
632,0,0,10.462,-766.923,-235.543,0,0,0,0
633,0,0,10.457,-766.918,-235.369,0,0,0,0
634,0,0,10.453,-766.919,-235.181,0,0,0,0
635,0,0,10.448,-766.921,-234.952,0,0,0,0
636,0,0,10.449,-766.93,-234.765,0,0,0,0
637,0,0,10.448,-766.929,-234.577,0,0,0,0
638,0,0,10.459,-766.935,-234.364,0,0,0,0
639,0,0,10.463,-766.951,-234.151,0,0,0,0
640,0,0,10.451,-766.953,-233.986,0,0,0,0
641,0,0,10.458,-766.957,-233.818,0,0,0,0
642,0,0,10.464,-766.968,-233.632,0,0,0,0
643,0,0,10.464,-766.971,-233.45,0,0,0,0
644,0,0,10.458,-766.982,-233.216,0,0,0,0
645,0,0,10.455,-766.994,-233.027,0,0,0,0
646,0,0,10.449,-767.0,-232.834,0,0,0,0
647,0,0,10.453,-767.003,-232.636,0,0,0,0
648,0,0,10.457,-767.012,-232.44,0,0,0,0
649,0,0,10.46,-767.021,-232.216,0,0,0,0
650,0,0,10.459,-767.031,-232.042,0,0,0,0
651,0,0,10.459,-767.034,-231.842,0,0,0,0
652,0,0,10.457,-767.038,-231.661,0,0,0,0
653,0,0,10.46,-767.048,-231.47,0,0,0,0
654,0,0,10.463,-767.056,-231.275,0,0,0,0
655,0,0,10.457,-767.056,-231.046,0,0,0,0
656,0,0,10.457,-767.06,-230.852,0,0,0,0
657,0,0,10.467,-767.069,-230.621,0,0,0,0
658,0,0,10.466,-767.08,-230.349,0,0,0,0
659,0,0,10.461,-767.076,-230.153,0,0,0,0
660,0,0,10.454,-767.083,-229.908,0,0,0,0
661,0,0,10.455,-767.09,-229.697,0,0,0,0
662,0,0,10.453,-767.098,-229.454,0,0,0,0
663,0,0,10.449,-767.105,-229.253,0,0,0,0
664,0,0,10.458,-767.112,-229.033,0,0,0,0
665,0,0,10.461,-767.124,-228.766,0,0,0,0
666,0,0,10.459,-767.131,-228.564,0,0,0,0
667,0,0,10.455,-767.134,-228.363,0,0,0,0
668,0,0,10.459,-767.146,-228.143,0,0,0,0
669,0,0,10.451,-767.157,-227.92,0,0,0,0
670,0,0,10.452,-767.17,-227.673,0,0,0,0
671,0,0,10.455,-767.18,-227.48,0,0,0,0
672,0,0,10.456,-767.191,-227.219,0,0,0,0
673,0,0,10.458,-767.192,-226.982,0,0,0,0
674,0,0,10.465,-767.211,-226.775,0,0,0,0
675,0,0,10.461,-767.216,-226.559,0,0,0,0
676,0,0,10.463,-767.228,-226.295,0,0,0,0
677,0,0,10.458,-767.237,-226.128,0,0,0,0
678,0,0,10.464,-767.241,-225.899,0,0,0,0
679,0,0,10.463,-767.252,-225.66,0,0,0,0
680,0,0,10.468,-767.257,-225.456,0,0,0,0
681,0,0,10.47,-767.27,-225.27,0,0,0,0
682,0,0,10.465,-767.276,-225.007,0,0,0,0
683,0,0,10.462,-767.283,-224.802,0,0,0,0
684,0,0,10.463,-767.29,-224.58,0,0,0,0
685,0,0,10.463,-767.309,-224.337,0,0,0,0
686,0,0,10.468,-767.314,-224.15,0,0,0,0
687,0,0,10.475,-767.33,-223.942,0,0,0,0
688,0,0,10.474,-767.337,-223.771,0,0,0,0
689,0,0,10.477,-767.346,-223.542,0,0,0,0
690,0,0,10.473,-767.358,-223.309,0,0,0,0
691,0,0,10.471,-767.369,-223.079,0,0,0,0
692,0,0,10.476,-767.378,-222.826,0,0,0,0
693,0,0,10.472,-767.387,-222.578,0,0,0,0
694,0,0,10.473,-767.393,-222.395,0,0,0,0
695,0,0,10.461,-767.407,-222.188,0,0,0,0
696,0,0,10.46,-767.405,-222.003,0,0,0,0
697,0,0,10.464,-767.414,-221.768,0,0,0,0
698,0,0,10.467,-767.422,-221.564,0,0,0,0
699,0,0,10.461,-767.431,-221.375,0,0,0,0
700,0,0,10.454,-767.44,-221.168,0,0,0,0
701,0,0,10.453,-767.452,-220.896,0,0,0,0
702,0,0,10.458,-767.457,-220.696,0,0,0,0
703,0,0,10.457,-767.465,-220.487,0,0,0,0
704,0,0,10.464,-767.475,-220.27,0,0,0,0
705,0,0,10.469,-767.486,-220.059,0,0,0,0
706,0,0,10.464,-767.495,-219.893,0,0,0,0
707,0,0,10.461,-767.499,-219.699,0,0,0,0
708,0,0,10.453,-767.507,-219.486,0,0,0,0
709,0,0,10.452,-767.519,-219.219,0,0,0,0
710,0,0,10.465,-767.525,-218.991,0,0,0,0
711,0,0,10.467,-767.532,-218.765,0,0,0,0
712,0,0,10.469,-767.546,-218.507,0,0,0,0
713,0,0,10.472,-767.558,-218.318,0,0,0,0
714,0,0,10.476,-767.575,-218.154,0,0,0,0
715,0,0,10.471,-767.578,-218.034,0,0,0,0
716,0,0,10.473,-767.59,-217.85,0,0,0,0
717,0,0,10.472,-767.598,-217.655,0,0,0,0
718,0,0,10.466,-767.606,-217.444,0,0,0,0
719,0,0,10.464,-767.613,-217.155,0,0,0,0
720,0,0,10.462,-767.621,-216.857,0,0,0,0
721,0,0,10.464,-767.619,-216.613,0,0,0,0
722,0,0,10.465,-767.625,-216.45,0,0,0,0
723,0,0,10.463,-767.636,-216.257,0,0,0,0
724,0,0,10.456,-767.643,-216.105,0,0,0,0
725,0,0,10.455,-767.654,-215.907,0,0,0,0
726,0,0,10.461,-767.658,-215.73,0,0,0,0
727,0,0,10.46,-767.672,-215.524,0,0,0,0
728,0,0,10.461,-767.684,-215.354,0,0,0,0
729,0,0,10.468,-767.697,-215.117,0,0,0,0
730,0,0,10.464,-767.708,-214.794,0,0,0,0
731,0,0,10.459,-767.716,-214.529,0,0,0,0
732,0,0,10.461,-767.72,-214.318,0,0,0,0
733,0,0,10.456,-767.729,-214.179,0,0,0,0
734,0,0,10.46,-767.733,-214.066,0,0,0,0
735,0,0,10.456,-767.742,-213.907,0,0,0,0
736,0,0,10.459,-767.753,-213.751,0,0,0,0
737,0,0,10.446,-767.758,-213.477,0,0,0,0
738,0,0,10.452,-767.772,-213.153,0,0,0,0
739,0,0,10.462,-767.784,-212.837,0,0,0,0
740,0,0,10.469,-767.794,-212.556,0,0,0,0
741,0,0,10.467,-767.802,-212.313,0,0,0,0
742,0,0,10.46,-767.813,-212.123,0,0,0,0
743,0,0,10.457,-767.829,-211.896,0,0,0,0
744,0,0,10.457,-767.837,-211.655,0,0,0,0
745,0,0,10.458,-767.851,-211.419,0,0,0,0
746,0,0,10.463,-767.858,-211.101,0,0,0,0
747,0,0,10.469,-767.87,-210.795,0,0,0,0
748,0,0,10.468,-767.877,-210.482,0,0,0,0
749,0,0,10.466,-767.889,-210.269,0,0,0,0
750,0,0,10.464,-767.895,-210.024,0,0,0,0
751,0,0,10.466,-767.907,-209.796,0,0,0,0
752,0,0,10.467,-767.916,-209.586,0,0,0,0
753,0,0,10.472,-767.929,-209.308,0,0,0,0
754,0,0,10.471,-767.941,-209.107,0,0,0,0
755,0,0,10.467,-767.947,-208.835,0,0,0,0
756,0,0,10.467,-767.961,-208.554,0,0,0,0
757,0,0,10.458,-767.97,-208.294,0,0,0,0
758,0,0,10.457,-767.975,-208.028,0,0,0,0
759,0,0,10.454,-767.983,-207.83,0,0,0,0
760,0,0,10.457,-767.99,-207.581,0,0,0,0
761,0,0,10.455,-768.006,-207.29,0,0,0,0
762,0,0,10.448,-768.026,-207.028,0,0,0,0
763,0,0,10.45,-768.033,-206.73,0,0,0,0
764,0,0,10.461,-768.043,-206.527,0,0,0,0
765,0,0,10.46,-768.052,-206.305,0,0,0,0
766,0,0,10.461,-768.058,-206.047,0,0,0,0
767,0,0,10.464,-768.073,-205.838,0,0,0,0
768,0,0,10.465,-768.08,-205.644,0,0,0,0
769,0,0,10.467,-768.089,-205.396,0,0,0,0
770,0,0,10.466,-768.104,-205.102,0,0,0,0
771,0,0,10.469,-768.122,-204.787,0,0,0,0
772,0,0,10.468,-768.127,-204.555,0,0,0,0
773,0,0,10.464,-768.142,-204.371,0,0,0,0
774,0,0,10.464,-768.152,-204.156,0,0,0,0
775,0,0,10.457,-768.158,-203.895,0,0,0,0
776,0,0,10.455,-768.16,-203.586,0,0,0,0
777,0,0,10.452,-768.171,-203.27,0,0,0,0
778,0,0,10.457,-768.182,-203.089,0,0,0,0
779,0,0,10.461,-768.197,-202.829,0,0,0,0
780,0,0,10.471,-768.207,-202.57,0,0,0,0
781,0,0,10.47,-768.219,-202.367,0,0,0,0
782,0,0,10.465,-768.225,-202.11,0,0,0,0
783,0,0,10.457,-768.232,-201.888,0,0,0,0
784,0,0,10.46,-768.237,-201.699,0,0,0,0
785,0,0,10.457,-768.249,-201.453,0,0,0,0
786,0,0,10.456,-768.26,-201.239,0,0,0,0
787,0,0,10.46,-768.28,-200.976,0,0,0,0
788,0,0,10.46,-768.286,-200.695,0,0,0,0
789,0,0,10.462,-768.294,-200.445,0,0,0,0
790,0,0,10.468,-768.303,-200.194,0,0,0,0
791,0,0,10.463,-768.309,-199.909,0,0,0,0
792,0,0,10.459,-768.317,-199.745,0,0,0,0
793,0,0,10.462,-768.328,-199.491,0,0,0,0
794,0,0,10.45,-768.338,-199.236,0,0,0,0
795,0,0,10.446,-768.343,-199.02,0,0,0,0
796,0,0,10.449,-768.356,-198.783,0,0,0,0
797,0,0,10.451,-768.358,-198.551,0,0,0,0
798,0,0,10.448,-768.357,-198.373,0,0,0,0
799,0,0,10.458,-768.361,-198.084,0,0,0,0
800,0,0,10.459,-768.364,-197.792,0,0,0,0
801,0,0,10.454,-768.37,-197.629,0,0,0,0
802,0,0,10.46,-768.377,-197.475,0,0,0,0
803,0,0,10.459,-768.385,-197.29,0,0,0,0
804,0,0,10.446,-768.394,-197.039,0,0,0,0
805,0,0,10.45,-768.407,-196.73,0,0,0,0
806,0,0,10.446,-768.407,-196.416,0,0,0,0
807,0,0,10.452,-768.414,-196.197,0,0,0,0
808,0,0,10.45,-768.415,-196.003,0,0,0,0
809,0,0,10.453,-768.419,-195.841,0,0,0,0
810,0,0,10.451,-768.427,-195.645,0,0,0,0
811,0,0,10.454,-768.434,-195.382,0,0,0,0
812,0,0,10.463,-768.441,-195.139,0,0,0,0
813,0,0,10.467,-768.451,-194.847,0,0,0,0
814,0,0,10.466,-768.448,-194.625,0,0,0,0
815,0,0,10.468,-768.455,-194.388,0,0,0,0
816,0,0,10.463,-768.451,-194.206,0,0,0,0
817,0,0,10.459,-768.455,-194.001,0,0,0,0
818,0,0,10.458,-768.46,-193.76,0,0,0,0
819,0,0,10.456,-768.469,-193.541,0,0,0,0
820,0,0,10.465,-768.473,-193.314,0,0,0,0
821,0,0,10.46,-768.475,-193.031,0,0,0,0
822,0,0,10.456,-768.485,-192.755,0,0,0,0
823,0,0,10.453,-768.48,-192.51,0,0,0,0
824,0,0,10.457,-768.483,-192.329,0,0,0,0
825,0,0,10.454,-768.483,-192.141,0,0,0,0
826,0,0,10.45,-768.485,-191.929,0,0,0,0
827,0,0,10.445,-768.492,-191.717,0,0,0,0
828,0,0,10.453,-768.497,-191.518,0,0,0,0
829,0,0,10.456,-768.504,-191.323,0,0,0,0
830,0,0,10.464,-768.511,-191.126,0,0,0,0
831,0,0,10.47,-768.524,-190.774,0,0,0,0
832,0,0,10.47,-768.521,-190.518,0,0,0,0
833,0,0,10.464,-768.518,-190.353,0,0,0,0
834,0,0,10.463,-768.517,-190.158,0,0,0,0
835,0,0,10.46,-768.52,-189.949,0,0,0,0
836,0,0,10.453,-768.52,-189.711,0,0,0,0
837,0,0,10.456,-768.528,-189.527,0,0,0,0
838,0,0,10.462,-768.538,-189.307,0,0,0,0
839,0,0,10.461,-768.548,-189.034,0,0,0,0
840,0,0,10.455,-768.548,-188.757,0,0,0,0
841,0,0,10.455,-768.548,-188.54,0,0,0,0
842,0,0,10.458,-768.553,-188.392,0,0,0,0
843,0,0,10.465,-768.55,-188.16,0,0,0,0
844,0,0,10.459,-768.551,-187.946,0,0,0,0
845,0,0,10.459,-768.555,-187.732,0,0,0,0
846,0,0,10.459,-768.555,-187.556,0,0,0,0
847,0,0,10.457,-768.567,-187.4,0,0,0,0
848,0,0,10.456,-768.568,-187.134,0,0,0,0
849,0,0,10.45,-768.566,-186.903,0,0,0,0
850,0,0,10.456,-768.567,-186.637,0,0,0,0
851,0,0,10.455,-768.571,-186.455,0,0,0,0
852,0,0,10.458,-768.575,-186.259,0,0,0,0
853,0,0,10.459,-768.58,-186.0,0,0,0,0
854,0,0,10.454,-768.58,-185.739,0,0,0,0
855,0,0,10.452,-768.586,-185.606,0,0,0,0
856,0,0,10.452,-768.591,-185.437,0,0,0,0
857,0,0,10.452,-768.601,-185.271,0,0,0,0
858,0,0,10.45,-768.605,-185.004,0,0,0,0
859,0,0,10.456,-768.609,-184.729,0,0,0,0
860,0,0,10.466,-768.615,-184.465,0,0,0,0
861,0,0,10.462,-768.622,-184.253,0,0,0,0
862,0,0,10.467,-768.626,-184.047,0,0,0,0
863,0,0,10.461,-768.628,-183.86,0,0,0,0
864,0,0,10.463,-768.63,-183.676,0,0,0,0
865,0,0,10.465,-768.633,-183.505,0,0,0,0
866,0,0,10.453,-768.63,-183.317,0,0,0,0
867,0,0,10.456,-768.635,-183.093,0,0,0,0
868,0,0,10.464,-768.64,-182.858,0,0,0,0
869,0,0,10.463,-768.644,-182.671,0,0,0,0
870,0,0,10.457,-768.646,-182.423,0,0,0,0
871,0,0,10.464,-768.648,-182.202,0,0,0,0
872,0,0,10.471,-768.655,-181.979,0,0,0,0
873,0,0,10.468,-768.657,-181.821,0,0,0,0
874,0,0,10.46,-768.654,-181.672,0,0,0,0
875,0,0,10.463,-768.66,-181.5,0,0,0,0
876,0,0,10.454,-768.667,-181.202,0,0,0,0
877,0,0,10.443,-768.669,-180.949,0,0,0,0
878,0,0,10.443,-768.676,-180.672,0,0,0,0
879,0,0,10.459,-768.683,-180.505,0,0,0,0
880,0,0,10.471,-768.696,-180.367,0,0,0,0
881,0,0,10.469,-768.696,-180.149,0,0,0,0
882,0,0,10.46,-768.698,-179.952,0,0,0,0
883,0,0,10.462,-768.7,-179.806,0,0,0,0
884,0,0,10.465,-768.702,-179.653,0,0,0,0
885,0,0,10.463,-768.704,-179.465,0,0,0,0
886,0,0,10.468,-768.709,-179.175,0,0,0,0
887,0,0,10.473,-768.71,-178.881,0,0,0,0
888,0,0,10.461,-768.711,-178.664,0,0,0,0
889,0,0,10.466,-768.718,-178.481,0,0,0,0
890,0,0,10.464,-768.723,-178.316,0,0,0,0
891,0,0,10.463,-768.722,-178.144,0,0,0,0
892,0,0,10.466,-768.724,-177.902,0,0,0,0
893,0,0,10.461,-768.729,-177.761,0,0,0,0
894,0,0,10.465,-768.736,-177.589,0,0,0,0
895,0,0,10.462,-768.738,-177.408,0,0,0,0
896,0,0,10.457,-768.746,-177.161,0,0,0,0
897,0,0,10.463,-768.755,-176.918,0,0,0,0
898,0,0,10.467,-768.759,-176.739,0,0,0,0
899,0,0,10.476,-768.76,-176.521,0,0,0,0
900,0,0,10.474,-768.763,-176.34,0,0,0,0
901,0,0,10.471,-768.766,-176.124,0,0,0,0
902,0,0,10.474,-768.772,-175.925,0,0,0,0
903,0,0,10.473,-768.768,-175.738,0,0,0,0
904,0,0,10.462,-768.771,-175.56,0,0,0,0
905,0,0,10.46,-768.776,-175.401,0,0,0,0
906,0,0,10.456,-768.78,-175.191,0,0,0,0
907,0,0,10.447,-768.78,-174.964,0,0,0,0
908,0,0,10.459,-768.781,-174.743,0,0,0,0
909,0,0,10.46,-768.782,-174.497,0,0,0,0
910,0,0,10.463,-768.787,-174.342,0,0,0,0
911,0,0,10.46,-768.79,-174.126,0,0,0,0
912,0,0,10.463,-768.785,-173.943,0,0,0,0
913,0,0,10.46,-768.79,-173.804,0,0,0,0
914,0,0,10.463,-768.794,-173.657,0,0,0,0
915,0,0,10.461,-768.799,-173.495,0,0,0,0
916,0,0,10.461,-768.804,-173.278,0,0,0,0
917,0,0,10.46,-768.807,-173.059,0,0,0,0
918,0,0,10.462,-768.808,-172.843,0,0,0,0
919,0,0,10.465,-768.814,-172.567,0,0,0,0
920,0,0,10.466,-768.823,-172.369,0,0,0,0
921,0,0,10.464,-768.824,-172.141,0,0,0,0
922,0,0,10.462,-768.828,-172.025,0,0,0,0
923,0,0,10.462,-768.837,-171.909,0,0,0,0
924,0,0,10.459,-768.835,-171.73,0,0,0,0
925,0,0,10.456,-768.836,-171.536,0,0,0,0
926,0,0,10.445,-768.835,-171.364,0,0,0,0
927,0,0,10.445,-768.835,-171.149,0,0,0,0
928,0,0,10.453,-768.844,-170.872,0,0,0,0
929,0,0,10.461,-768.853,-170.646,0,0,0,0
930,0,0,10.463,-768.848,-170.488,0,0,0,0
931,0,0,10.462,-768.846,-170.339,0,0,0,0
932,0,0,10.454,-768.85,-170.151,0,0,0,0
933,0,0,10.462,-768.855,-169.954,0,0,0,0
934,0,0,10.459,-768.863,-169.788,0,0,0,0
935,0,0,10.462,-768.867,-169.575,0,0,0,0
936,0,0,10.457,-768.869,-169.423,0,0,0,0
937,0,0,10.445,-768.87,-169.267,0,0,0,0
938,0,0,10.447,-768.872,-169.07,0,0,0,0
939,0,0,10.444,-768.88,-168.855,0,0,0,0
940,0,0,10.452,-768.885,-168.656,0,0,0,0
941,0,0,10.452,-768.887,-168.438,0,0,0,0
942,0,0,10.443,-768.882,-168.27,0,0,0,0
943,0,0,10.45,-768.889,-168.074,0,0,0,0
944,0,0,10.444,-768.893,-167.896,0,0,0,0
945,0,0,10.448,-768.897,-167.755,0,0,0,0
946,0,0,10.454,-768.903,-167.592,0,0,0,0
947,0,0,10.453,-768.905,-167.442,0,0,0,0
948,0,0,10.447,-768.901,-167.271,0,0,0,0
949,0,0,10.447,-768.908,-167.057,0,0,0,0
950,0,0,10.455,-768.914,-166.789,0,0,0,0
951,0,0,10.46,-768.921,-166.613,0,0,0,0
952,0,0,10.464,-768.926,-166.417,0,0,0,0
953,0,0,10.457,-768.926,-166.265,0,0,0,0
954,0,0,10.451,-768.924,-166.033,0,0,0,0
955,0,0,10.45,-768.937,-165.869,0,0,0,0
956,0,0,10.45,-768.936,-165.723,0,0,0,0
957,0,0,10.445,-768.933,-165.57,0,0,0,0
958,0,0,10.446,-768.937,-165.414,0,0,0,0
959,0,0,10.442,-768.937,-165.245,0,0,0,0
960,0,0,10.443,-768.944,-165.01,0,0,0,0
961,0,0,10.443,-768.939,-164.741,0,0,0,0
962,0,0,10.443,-768.939,-164.559,0,0,0,0
963,0,0,10.447,-768.942,-164.361,0,0,0,0
964,0,0,10.45,-768.945,-164.208,0,0,0,0
965,0,0,10.453,-768.95,-164.02,0,0,0,0
966,0,0,10.455,-768.956,-163.835,0,0,0,0
967,0,0,10.454,-768.961,-163.702,0,0,0,0
968,0,0,10.45,-768.968,-163.563,0,0,0,0
969,0,0,10.451,-768.972,-163.451,0,0,0,0
970,0,0,10.45,-768.972,-163.365,0,0,0,0
971,0,0,10.446,-768.973,-163.093,0,0,0,0
972,0,0,10.448,-768.986,-162.844,0,0,0,0
973,0,0,10.448,-768.987,-162.614,0,0,0,0
974,0,0,10.445,-768.99,-162.472,0,0,0,0
975,0,0,10.446,-768.992,-162.307,0,0,0,0
976,0,0,10.452,-768.994,-162.097,0,0,0,0
977,0,0,10.453,-769.0,-161.951,0,0,0,0
978,0,0,10.459,-769.006,-161.816,0,0,0,0
979,0,0,10.464,-769.007,-161.666,0,0,0,0
980,0,0,10.462,-769.006,-161.492,0,0,0,0
981,0,0,10.461,-769.007,-161.369,0,0,0,0
982,0,0,10.452,-769.016,-161.167,0,0,0,0
983,0,0,10.449,-769.021,-160.958,0,0,0,0
984,0,0,10.445,-769.023,-160.801,0,0,0,0
985,0,0,10.445,-769.019,-160.57,0,0,0,0
986,0,0,10.445,-769.026,-160.41,0,0,0,0
987,0,0,10.446,-769.026,-160.247,0,0,0,0
988,0,0,10.447,-769.026,-159.991,0,0,0,0
989,0,0,10.451,-769.031,-159.796,0,0,0,0
990,0,0,10.45,-769.033,-159.633,0,0,0,0
991,0,0,10.453,-769.032,-159.528,0,0,0,0
992,0,0,10.45,-769.034,-159.431,0,0,0,0
993,0,0,10.444,-769.033,-159.266,0,0,0,0
994,0,0,10.438,-769.037,-159.076,0,0,0,0
995,0,0,10.445,-769.049,-158.956,0,0,0,0
996,0,0,10.448,-769.053,-158.791,0,0,0,0
997,0,0,10.448,-769.056,-158.648,0,0,0,0
998,0,0,10.458,-769.063,-158.431,0,0,0,0
999,0,0,10.455,-769.064,-158.15,0,0,0,0
1000,0,0,10.459,-769.066,-157.953,0,0,0,0
1001,0,0,10.455,-769.068,-157.81,0,0,0,0
1002,0,0,10.446,-769.073,-157.649,0,0,0,0
1003,0,0,10.45,-769.077,-157.505,0,0,0,0
1004,0,0,10.452,-769.083,-157.371,0,0,0,0
1005,0,0,10.455,-769.087,-157.234,0,0,0,0
1006,0,0,10.455,-769.088,-157.039,0,0,0,0
1007,0,0,10.456,-769.089,-156.891,0,0,0,0
1008,0,0,10.455,-769.093,-156.68,0,0,0,0
1009,0,0,10.455,-769.099,-156.522,0,0,0,0
1010,0,0,10.456,-769.102,-156.379,0,0,0,0
1011,0,0,10.453,-769.104,-156.091,0,0,0,0
1012,0,0,10.453,-769.11,-155.925,0,0,0,0
1013,0,0,10.457,-769.109,-155.774,0,0,0,0
1014,0,0,10.458,-769.109,-155.63,0,0,0,0
1015,0,0,10.452,-769.121,-155.508,0,0,0,0
1016,0,0,10.452,-769.12,-155.373,0,0,0,0
1017,0,0,10.45,-769.119,-155.247,0,0,0,0
1018,0,0,10.444,-769.117,-155.05,0,0,0,0
1019,0,0,10.443,-769.119,-154.903,0,0,0,0
1020,0,0,10.452,-769.127,-154.767,0,0,0,0
1021,0,0,10.452,-769.13,-154.606,0,0,0,0
1022,0,0,10.455,-769.135,-154.398,0,0,0,0
1023,0,0,10.453,-769.124,-154.157,0,0,0,0
1024,0,0,10.448,-769.123,-153.987,0,0,0,0
1025,0,0,10.447,-769.119,-153.811,0,0,0,0
1026,0,0,10.451,-769.124,-153.648,0,0,0,0
1027,0,0,10.454,-769.126,-153.545,0,0,0,0
1028,0,0,10.457,-769.128,-153.45,0,0,0,0
1029,0,0,10.461,-769.131,-153.327,0,0,0,0
1030,0,0,10.458,-769.133,-153.168,0,0,0,0
1031,0,0,10.465,-769.14,-152.99,0,0,0,0
1032,0,0,10.46,-769.144,-152.722,0,0,0,0
1033,0,0,10.455,-769.138,-152.551,0,0,0,0
1034,0,0,10.451,-769.131,-152.369,0,0,0,0
1035,0,0,10.448,-769.136,-152.226,0,0,0,0
1036,0,0,10.454,-769.14,-152.083,0,0,0,0
1037,0,0,10.454,-769.142,-151.939,0,0,0,0
1038,0,0,10.454,-769.138,-151.783,0,0,0,0
1039,0,0,10.456,-769.138,-151.632,0,0,0,0
1040,0,0,10.453,-769.142,-151.507,0,0,0,0
1041,0,0,10.452,-769.147,-151.411,0,0,0,0
1042,0,0,10.458,-769.145,-151.275,0,0,0,0
1043,0,0,10.456,-769.149,-151.116,0,0,0,0
1044,0,0,10.458,-769.153,-150.895,0,0,0,0
1045,0,0,10.457,-769.155,-150.665,0,0,0,0
1046,0,0,10.456,-769.158,-150.451,0,0,0,0
1047,0,0,10.454,-769.16,-150.359,0,0,0,0
1048,0,0,10.448,-769.157,-150.221,0,0,0,0
1049,0,0,10.449,-769.156,-150.082,0,0,0,0
1050,0,0,10.451,-769.149,-149.899,0,0,0,0
1051,0,0,10.442,-769.149,-149.74,0,0,0,0
1052,0,0,10.446,-769.154,-149.58,0,0,0,0
1053,0,0,10.449,-769.157,-149.465,0,0,0,0
1054,0,0,10.451,-769.159,-149.352,0,0,0,0
1055,0,0,10.45,-769.159,-149.216,0,0,0,0
1056,0,0,10.453,-769.159,-149.077,0,0,0,0
1057,0,0,10.447,-769.164,-148.897,0,0,0,0
1058,0,0,10.448,-769.168,-148.668,0,0,0,0
1059,0,0,10.455,-769.166,-148.468,0,0,0,0
1060,0,0,10.461,-769.17,-148.324,0,0,0,0
1061,0,0,10.459,-769.172,-148.178,0,0,0,0
1062,0,0,10.456,-769.165,-148.049,0,0,0,0
1063,0,0,10.455,-769.168,-147.884,0,0,0,0
1064,0,0,10.454,-769.171,-147.716,0,0,0,0
1065,0,0,10.451,-769.171,-147.607,0,0,0,0
1066,0,0,10.452,-769.174,-147.488,0,0,0,0
1067,0,0,10.45,-769.177,-147.351,0,0,0,0
1068,0,0,10.448,-769.177,-147.226,0,0,0,0
1069,0,0,10.447,-769.184,-147.037,0,0,0,0
1070,0,0,10.443,-769.183,-146.856,0,0,0,0
1071,0,0,10.449,-769.182,-146.687,0,0,0,0
1072,0,0,10.447,-769.184,-146.538,0,0,0,0
1073,0,0,10.448,-769.184,-146.391,0,0,0,0
1074,0,0,10.45,-769.183,-146.269,0,0,0,0
1075,0,0,10.448,-769.18,-146.056,0,0,0,0
1076,0,0,10.447,-769.175,-145.877,0,0,0,0
1077,0,0,10.448,-769.179,-145.711,0,0,0,0
1078,0,0,10.459,-769.179,-145.583,0,0,0,0
1079,0,0,10.452,-769.179,-145.496,0,0,0,0
1080,0,0,10.446,-769.18,-145.338,0,0,0,0
1081,0,0,10.449,-769.188,-145.18,0,0,0,0
1082,0,0,10.444,-769.189,-144.942,0,0,0,0
1083,0,0,10.442,-769.191,-144.693,0,0,0,0
1084,0,0,10.448,-769.195,-144.433,0,0,0,0
1085,0,0,10.449,-769.189,-144.211,0,0,0,0
1086,0,0,10.45,-769.193,-143.996,0,0,0,0
1087,0,0,10.451,-769.193,-143.82,0,0,0,0
1088,0,0,10.45,-769.199,-143.619,0,0,0,0
1089,0,0,10.455,-769.202,-143.426,0,0,0,0
1090,0,0,10.449,-769.204,-143.229,0,0,0,0
1091,0,0,10.442,-769.208,-142.932,0,0,0,0
1092,0,0,10.439,-769.211,-142.638,0,0,0,0
1093,0,0,10.446,-769.217,-142.318,0,0,0,0
1094,0,0,10.445,-769.216,-141.999,0,0,0,0
1095,0,0,10.452,-769.213,-141.717,0,0,0,0
1096,0,0,10.451,-769.219,-141.527,0,0,0,0
1097,0,0,10.453,-769.222,-141.352,0,0,0,0
1098,0,0,10.448,-769.217,-141.186,0,0,0,0
1099,0,0,10.441,-769.226,-140.895,0,0,0,0
1100,0,0,10.442,-769.231,-140.577,0,0,0,0
1101,0,0,10.445,-769.232,-140.247,0,0,0,0
1102,0,0,10.445,-769.233,-139.993,0,0,0,0
1103,0,0,10.449,-769.241,-139.749,0,0,0,0
1104,0,0,10.45,-769.245,-139.555,0,0,0,0
1105,0,0,10.45,-769.245,-139.369,0,0,0,0
1106,0,0,10.442,-769.252,-139.138,0,0,0,0
1107,0,0,10.444,-769.253,-138.826,0,0,0,0
1108,0,0,10.449,-769.256,-138.544,0,0,0,0
1109,0,0,10.457,-769.249,-138.272,0,0,0,0
1110,0,0,10.454,-769.251,-137.957,0,0,0,0
1111,0,0,10.445,-769.25,-137.723,0,0,0,0
1112,0,0,10.44,-769.254,-137.5,0,0,0,0
1113,0,0,10.437,-769.257,-137.279,0,0,0,0
1114,0,0,10.438,-769.258,-137.113,0,0,0,0
1115,0,0,10.431,-769.256,-136.82,0,0,0,0
1116,0,0,10.439,-769.254,-136.489,0,0,0,0
1117,0,0,10.446,-769.267,-136.157,0,0,0,0
1118,0,0,10.448,-769.268,-135.901,0,0,0,0
1119,0,0,10.456,-769.275,-135.635,0,0,0,0
1120,0,0,10.458,-769.275,-135.473,0,0,0,0
1121,0,0,10.453,-769.275,-135.287,0,0,0,0
1122,0,0,10.447,-769.27,-135.1,0,0,0,0
1123,0,0,10.449,-769.271,-134.923,0,0,0,0
1124,0,0,10.443,-769.263,-134.563,0,0,0,0
1125,0,0,10.445,-769.263,-134.233,0,0,0,0
1126,0,0,10.446,-769.266,-133.966,0,0,0,0
1127,0,0,10.444,-769.264,-133.694,0,0,0,0
1128,0,0,10.433,-769.258,-133.501,0,0,0,0
1129,0,0,10.429,-769.251,-133.322,0,0,0,0
1130,0,0,10.427,-769.257,-133.107,0,0,0,0
1131,0,0,10.429,-769.249,-132.905,0,0,0,0
1132,0,0,10.426,-769.25,-132.566,0,0,0,0
1133,0,0,10.433,-769.244,-132.257,0,0,0,0
1134,0,0,10.432,-769.245,-132.113,0,0,0,0
1135,0,0,10.436,-769.245,-131.829,0,0,0,0
1136,0,0,10.437,-769.243,-131.576,0,0,0,0
1137,0,0,10.435,-769.243,-131.353,0,0,0,0
1138,0,0,10.448,-769.237,-130.569,0,0,0,0
1139,0,0,10.456,-769.23,-130.322,0,0,0,0
1140,0,0,10.451,-769.224,-130.112,0,0,0,0
1141,0,0,10.446,-769.218,-129.928,0,0,0,0
1142,0,0,10.443,-769.213,-129.732,0,0,0,0
1143,0,0,10.445,-769.206,-129.442,0,0,0,0
1144,0,0,10.44,-769.203,-129.193,0,0,0,0
1145,0,0,10.436,-769.189,-128.898,0,0,0,0
1146,0,0,10.438,-769.192,-128.585,0,0,0,0
1147,0,0,10.438,-769.193,-128.333,0,0,0,0
1148,0,0,10.437,-769.184,-128.102,0,0,0,0
1149,0,0,10.44,-769.176,-127.912,0,0,0,0
1150,0,0,10.445,-769.174,-127.598,0,0,0,0
1151,0,0,10.433,-769.164,-127.276,0,0,0,0
1152,0,0,10.425,-769.164,-126.969,0,0,0,0
1153,0,0,10.428,-769.163,-126.67,0,0,0,0
1154,0,0,10.432,-769.166,-126.411,0,0,0,0
1155,0,0,10.434,-769.164,-126.193,0,0,0,0
1156,0,0,10.438,-769.16,-125.88,0,0,0,0
1157,0,0,10.444,-769.154,-125.585,0,0,0,0
1158,0,0,10.443,-769.149,-125.35,0,0,0,0
1159,0,0,10.438,-769.147,-125.137,0,0,0,0
1160,0,0,10.436,-769.14,-124.846,0,0,0,0
1161,0,0,10.44,-769.132,-124.565,0,0,0,0
1162,0,0,10.437,-769.131,-124.32,0,0,0,0
1163,0,0,10.428,-769.129,-124.009,0,0,0,0
1164,0,0,10.432,-769.127,-123.77,0,0,0,0
1165,0,0,10.441,-769.127,-123.554,0,0,0,0
1166,0,0,10.446,-769.125,-123.283,0,0,0,0
1167,0,0,10.443,-769.122,-122.949,0,0,0,0
1168,0,0,10.439,-769.121,-122.669,0,0,0,0
1169,0,0,10.441,-769.118,-122.355,0,0,0,0
1170,0,0,10.438,-769.114,-122.097,0,0,0,0
1171,0,0,10.447,-769.108,-121.831,0,0,0,0
1172,0,0,10.442,-769.104,-121.563,0,0,0,0
1173,0,0,10.439,-769.098,-121.294,0,0,0,0
1174,0,0,10.431,-769.101,-121.079,0,0,0,0
1175,0,0,10.434,-769.092,-120.791,0,0,0,0
1176,0,0,10.437,-769.092,-120.506,0,0,0,0
1177,0,0,10.441,-769.086,-120.164,0,0,0,0
1178,0,0,10.438,-769.087,-119.954,0,0,0,0
1179,0,0,10.444,-769.084,-119.693,0,0,0,0
1180,0,0,10.435,-769.093,-119.508,0,0,0,0
1181,0,0,10.441,-769.086,-119.314,0,0,0,0
1182,0,0,10.436,-769.084,-119.061,0,0,0,0
1183,0,0,10.429,-769.091,-118.752,0,0,0,0
1184,0,0,10.431,-769.092,-118.474,0,0,0,0
1185,0,0,10.428,-769.095,-118.227,0,0,0,0
1186,0,0,10.429,-769.094,-117.991,0,0,0,0
1187,0,0,10.441,-769.091,-117.672,0,0,0,0
1188,0,0,10.444,-769.087,-117.473,0,0,0,0
1189,0,0,10.445,-769.086,-117.265,0,0,0,0
1190,0,0,10.437,-769.086,-117.011,0,0,0,0
1191,0,0,10.44,-769.087,-116.605,0,0,0,0
1192,0,0,10.438,-769.092,-116.362,0,0,0,0
1193,0,0,10.433,-769.088,-116.135,0,0,0,0
1194,0,0,10.44,-769.085,-115.83,0,0,0,0
1195,0,0,10.443,-769.092,-115.63,0,0,0,0
1196,0,0,10.442,-769.097,-115.381,0,0,0,0
1197,0,0,10.435,-769.092,-115.214,0,0,0,0
1198,0,0,10.439,-769.094,-114.944,0,0,0,0
1199,0,0,10.431,-769.095,-114.576,0,0,0,0
1200,0,0,10.43,-769.09,-114.244,0,0,0,0
1201,0,0,10.432,-769.094,-114.04,0,0,0,0
1202,0,0,10.434,-769.095,-113.811,0,0,0,0
1203,0,0,10.434,-769.097,-113.59,0,0,0,0
1204,0,0,10.432,-769.099,-113.428,0,0,0,0
1205,0,0,10.431,-769.108,-113.235,0,0,0,0
1206,0,0,10.435,-769.103,-112.961,0,0,0,0
1207,0,0,10.434,-769.103,-112.695,0,0,0,0
1208,0,0,10.434,-769.111,-112.344,0,0,0,0
1209,0,0,10.438,-769.116,-111.951,0,0,0,0
1210,0,0,10.441,-769.119,-111.757,0,0,0,0
1211,0,0,10.44,-769.124,-111.574,0,0,0,0
1212,0,0,10.44,-769.119,-111.418,0,0,0,0
1213,0,0,10.439,-769.124,-111.21,0,0,0,0
1214,0,0,10.44,-769.128,-110.91,0,0,0,0
1215,0,0,10.433,-769.13,-110.658,0,0,0,0
1216,0,0,10.436,-769.131,-110.323,0,0,0,0
1217,0,0,10.441,-769.128,-110.083,0,0,0,0
1218,0,0,10.433,-769.125,-109.863,0,0,0,0
1219,0,0,10.436,-769.127,-109.658,0,0,0,0
1220,0,0,10.44,-769.13,-109.435,0,0,0,0
1221,0,0,10.441,-769.137,-109.195,0,0,0,0
1222,0,0,10.441,-769.137,-108.968,0,0,0,0
1223,0,0,10.434,-769.146,-108.667,0,0,0,0
1224,0,0,10.434,-769.151,-108.399,0,0,0,0
1225,0,0,10.44,-769.159,-108.162,0,0,0,0
1226,0,0,10.436,-769.155,-107.904,0,0,0,0
1227,0,0,10.436,-769.156,-107.683,0,0,0,0
1228,0,0,10.431,-769.153,-107.445,0,0,0,0
1229,0,0,10.433,-769.158,-107.243,0,0,0,0
1230,0,0,10.438,-769.161,-106.987,0,0,0,0
1231,0,0,10.433,-769.16,-106.717,0,0,0,0
1232,0,0,10.431,-769.164,-106.463,0,0,0,0
1233,0,0,10.434,-769.167,-106.24,0,0,0,0
1234,0,0,10.436,-769.171,-106.006,0,0,0,0
1235,0,0,10.428,-769.173,-105.76,0,0,0,0
1236,0,0,10.437,-769.178,-105.527,0,0,0,0
1237,0,0,10.435,-769.177,-105.339,0,0,0,0
1238,0,0,10.438,-769.18,-105.107,0,0,0,0
1239,0,0,10.448,-769.179,-104.877,0,0,0,0
1240,0,0,10.444,-769.183,-104.648,0,0,0,0
1241,0,0,10.442,-769.183,-104.449,0,0,0,0
1242,0,0,10.443,-769.181,-104.108,0,0,0,0
1243,0,0,10.441,-769.19,-103.857,0,0,0,0
1244,0,0,10.441,-769.193,-103.659,0,0,0,0
1245,0,0,10.442,-769.196,-103.419,0,0,0,0
1246,0,0,10.439,-769.196,-103.192,0,0,0,0
1247,0,0,10.445,-769.199,-102.933,0,0,0,0
1248,0,0,10.434,-769.199,-102.683,0,0,0,0
1249,0,0,10.434,-769.196,-102.456,0,0,0,0
1250,0,0,10.429,-769.202,-102.225,0,0,0,0
1251,0,0,10.423,-769.209,-101.998,0,0,0,0
1252,0,0,10.423,-769.212,-101.776,0,0,0,0
1253,0,0,10.436,-769.213,-101.561,0,0,0,0
1254,0,0,10.432,-769.211,-101.333,0,0,0,0
1255,0,0,10.433,-769.215,-101.116,0,0,0,0
1256,0,0,10.442,-769.223,-100.885,0,0,0,0
1257,0,0,10.43,-769.226,-100.578,0,0,0,0
1258,0,0,10.432,-769.224,-100.407,0,0,0,0
1259,0,0,10.429,-769.232,-100.123,0,0,0,0
1260,0,0,10.437,-769.229,-99.895,0,0,0,0
1261,0,0,10.434,-769.227,-99.702,0,0,0,0
1262,0,0,10.439,-769.234,-99.49,0,0,0,0
1263,0,0,10.437,-769.236,-99.291,0,0,0,0
1264,0,0,10.439,-769.238,-99.079,0,0,0,0
1265,0,0,10.439,-769.242,-98.806,0,0,0,0
1266,0,0,10.43,-769.241,-98.554,0,0,0,0
1267,0,0,10.43,-769.242,-98.316,0,0,0,0
1268,0,0,10.431,-769.247,-98.075,0,0,0,0
1269,0,0,10.43,-769.246,-97.859,0,0,0,0
1270,0,0,10.437,-769.258,-97.598,0,0,0,0
1271,0,0,10.443,-769.255,-97.467,0,0,0,0
1272,0,0,10.439,-769.255,-97.269,0,0,0,0
1273,0,0,10.444,-769.26,-97.045,0,0,0,0
1274,0,0,10.442,-769.259,-96.807,0,0,0,0
1275,0,0,10.439,-769.267,-96.56,0,0,0,0
1276,0,0,10.434,-769.268,-96.309,0,0,0,0
1277,0,0,10.432,-769.268,-96.088,0,0,0,0
1278,0,0,10.429,-769.264,-95.861,0,0,0,0
1279,0,0,10.431,-769.271,-95.629,0,0,0,0
1280,0,0,10.436,-769.269,-95.417,0,0,0,0
1281,0,0,10.437,-769.267,-95.238,0,0,0,0
1282,0,0,10.432,-769.274,-95.037,0,0,0,0
1283,0,0,10.435,-769.279,-94.768,0,0,0,0
1284,0,0,10.443,-769.281,-94.494,0,0,0,0
1285,0,0,10.446,-769.286,-94.312,0,0,0,0
1286,0,0,10.445,-769.289,-94.135,0,0,0,0
1287,0,0,10.443,-769.29,-93.89,0,0,0,0
1288,0,0,10.447,-769.286,-93.664,0,0,0,0
1289,0,0,10.436,-769.284,-93.454,0,0,0,0
1290,0,0,10.438,-769.286,-93.258,0,0,0,0
1291,0,0,10.441,-769.291,-93.023,0,0,0,0
1292,0,0,10.436,-769.292,-92.83,0,0,0,0
1293,0,0,10.434,-769.294,-92.602,0,0,0,0
1294,0,0,10.431,-769.3,-92.373,0,0,0,0
1295,0,0,10.435,-769.303,-92.16,0,0,0,0
1296,0,0,10.434,-769.304,-91.908,0,0,0,0
1297,0,0,10.438,-769.299,-91.674,0,0,0,0
1298,0,0,10.437,-769.302,-91.438,0,0,0,0
1299,0,0,10.43,-769.31,-91.289,0,0,0,0
1300,0,0,10.437,-769.312,-91.067,0,0,0,0
1301,0,0,10.434,-769.312,-90.884,0,0,0,0
1302,0,0,10.436,-769.313,-90.666,0,0,0,0
1303,0,0,10.43,-769.318,-90.469,0,0,0,0
1304,0,0,10.432,-769.322,-90.264,0,0,0,0
